#{"t_start": 1787305788.601611, "env_id": "HandManipulateBlockRotateZ-v1"}
r,l,t
-100.0,100,2.912596
-100.0,100,3.044462
-100.0,100,3.182349
-100.0,100,3.315639
-100.0,100,3.454844
-100.0,100,3.584402
-100.0,100,3.717384
-100.0,100,3.849104
-100.0,100,3.986687
-100.0,100,4.115198
-100.0,100,4.250201
-100.0,100,4.378659
-100.0,100,4.527731
-100.0,100,4.661508
-100.0,100,4.802868
-100.0,100,4.934937
-96.0,100,5.07128
-100.0,100,5.203469
-100.0,100,5.346551
-100.0,100,5.476541
-100.0,100,5.613402
-100.0,100,5.745731
-100.0,100,5.883354
-100.0,100,6.015841
-100.0,100,6.156254
-100.0,100,6.289901
-96.0,100,6.426562
-100.0,100,6.556679
-100.0,100,6.69684
-100.0,100,6.828442
-100.0,100,6.960867
-100.0,100,7.116062
-100.0,100,7.262723
-100.0,100,7.403923
-100.0,100,7.536026
-100.0,100,7.665266
-100.0,100,7.800809
-100.0,100,7.936834
-100.0,100,8.070429
-100.0,100,8.199827
-100.0,100,8.33833
-100.0,100,8.470224
-100.0,100,8.602379
-100.0,100,8.736399
-100.0,100,8.881861
-100.0,100,9.016225
-100.0,100,9.1507
-100.0,100,9.285709
-100.0,100,9.435338
-100.0,100,9.569364
-94.0,100,9.722155
-100.0,100,9.853071
-100.0,100,9.993756
-100.0,100,10.125971
-100.0,100,10.255608
-100.0,100,10.385451
-92.0,100,10.525007
-100.0,100,10.656733
-100.0,100,10.788631
-100.0,100,10.920254
-100.0,100,11.060352
-100.0,100,11.193948
-100.0,100,11.326336
-100.0,100,11.464697
-100.0,100,11.602309
-100.0,100,11.73966
-100.0,100,11.873007
-100.0,100,12.004112
-100.0,100,12.141362
-100.0,100,12.275275
-100.0,100,12.406009
-100.0,100,12.536635
-100.0,100,12.698098
-100.0,100,12.829378
-100.0,100,12.962802
-100.0,100,13.097594
-100.0,100,13.23465
-100.0,100,13.3695
-100.0,100,13.503081
-100.0,100,13.640834
-100.0,100,13.78301
-100.0,100,13.915155
-100.0,100,14.047292
-100.0,100,14.184577
-100.0,100,14.325471
-100.0,100,14.462226
-100.0,100,14.595372
-100.0,100,14.732538
-97.0,100,14.871838
-100.0,100,15.004315
-100.0,100,15.136255
-100.0,100,15.268306
-100.0,100,15.432272
-100.0,100,15.565629
-100.0,100,15.700534
-100.0,100,15.835626
-100.0,100,15.971951
-100.0,100,16.11401
-100.0,100,16.350514
-100.0,100,16.493989
-100.0,100,18.539119
-100.0,100,19.907546
-100.0,100,21.400132
-100.0,100,23.103081
-100.0,100,24.814395
-100.0,100,26.240065
-100.0,100,27.785612
-100.0,100,29.28367
-100.0,100,30.692255
-100.0,100,32.311312
-100.0,100,33.868958
-100.0,100,35.406162
-100.0,100,36.864394
-100.0,100,38.316415
-100.0,100,39.683523
-100.0,100,41.424232
-100.0,100,43.21954
-100.0,100,44.674276
-100.0,100,46.138707
-100.0,100,47.556494
-100.0,100,48.936251
-100.0,100,50.307528
-100.0,100,51.754164
-100.0,100,53.185287
-100.0,100,54.597483
-100.0,100,56.039131
-100.0,100,57.305747
-100.0,100,58.550342
-100.0,100,60.05319
-100.0,100,61.525778
-100.0,100,62.954741
-100.0,100,64.397032
-100.0,100,65.697893
-100.0,100,66.934076
-100.0,100,68.379516
-100.0,100,69.875757
-100.0,100,71.342864
-100.0,100,72.932319
-100.0,100,74.42589
-100.0,100,76.079696
-95.0,100,77.587792
-100.0,100,79.050669
-100.0,100,80.565658
-100.0,100,81.939319
-100.0,100,83.463308
-100.0,100,84.906605
-100.0,100,86.356733
-100.0,100,87.798147
-100.0,100,89.353476
-100.0,100,90.795851
-100.0,100,92.374242
-100.0,100,93.793685
-100.0,100,95.307618
-100.0,100,96.605042
-100.0,100,98.076836
-100.0,100,99.485289
-100.0,100,101.077785
-98.0,100,102.517127
-100.0,100,104.0039
-88.0,100,105.399668
-100.0,100,106.982193
-100.0,100,108.436238
-100.0,100,109.955033
-100.0,100,111.239368
-100.0,100,112.520683
-100.0,100,113.758797
-100.0,100,115.122039
-100.0,100,116.764065
-100.0,100,118.177889
-100.0,100,119.621769
-100.0,100,121.027789
-100.0,100,122.36706
-100.0,100,123.667552
-100.0,100,125.209758
-100.0,100,126.551756
-100.0,100,128.059146
-100.0,100,129.543164
-100.0,100,130.932732
-100.0,100,132.368151
-100.0,100,133.760572
-100.0,100,135.290191
-100.0,100,136.735061
-100.0,100,138.173323
-100.0,100,139.593427
-100.0,100,141.052818
-100.0,100,142.551654
-100.0,100,144.123996
-100.0,100,145.781367
-100.0,100,147.232438
-100.0,100,148.659039
-100.0,100,150.067129
-100.0,100,151.513415
-100.0,100,153.062808
-100.0,100,154.557016
-100.0,100,156.34987
-100.0,100,157.814086
-100.0,100,159.288529
-100.0,100,160.698326
-100.0,100,162.535458
-100.0,100,164.083266
-100.0,100,165.56075
-100.0,100,166.808496
-100.0,100,168.000752
-100.0,100,169.238477
-100.0,100,170.711136
-99.0,100,172.127608
-100.0,100,173.658465
-100.0,100,175.014022
-100.0,100,176.466796
-100.0,100,177.912421
-100.0,100,179.477478
-100.0,100,181.015915
-99.0,100,182.471488
-100.0,100,183.965919
-100.0,100,185.476608
-100.0,100,186.904218
-100.0,100,188.390175
-100.0,100,189.838624
-100.0,100,191.344521
-100.0,100,192.725313
-100.0,100,194.325231
-100.0,100,195.743627
-100.0,100,197.151362
-100.0,100,198.667809
-100.0,100,200.400199
-100.0,100,202.0525
-100.0,100,203.565197
-100.0,100,205.032947
-100.0,100,206.597344
-100.0,100,208.042045
-100.0,100,209.750821
-100.0,100,211.473732
-100.0,100,213.040652
-100.0,100,214.398221
-100.0,100,215.815926
-100.0,100,217.330923
-100.0,100,218.948676
-100.0,100,220.4134
-100.0,100,221.956244
-100.0,100,223.340913
-100.0,100,224.881282
-76.0,100,226.327413
-100.0,100,227.947894
-100.0,100,229.534555
-100.0,100,231.068601
-100.0,100,232.510406
-100.0,100,233.864669
-100.0,100,235.329204
-100.0,100,236.750567
-100.0,100,238.274762
-100.0,100,240.342764
-100.0,100,241.684102
-94.0,100,243.119766
-100.0,100,244.521791
-100.0,100,245.949682
-100.0,100,247.341022
-100.0,100,248.849642
-100.0,100,250.242963
-100.0,100,251.658457
-100.0,100,253.053393
-95.0,100,254.525929
-100.0,100,255.927962
-99.0,100,257.469081
-100.0,100,258.824922
-100.0,100,260.185633
-100.0,100,261.491246
-100.0,100,262.972052
-100.0,100,264.390669
-100.0,100,266.337365
-100.0,100,268.125796
-100.0,100,269.775036
-100.0,100,271.431915
-100.0,100,273.094945
-100.0,100,274.749011
-100.0,100,276.408153
-100.0,100,277.899133
-100.0,100,279.330155
-100.0,100,284.197199
-100.0,100,285.791408
-100.0,100,287.452898
-100.0,100,289.136465
-100.0,100,290.828066
-100.0,100,292.55169
-100.0,100,294.043911
-100.0,100,295.446059
-100.0,100,297.061153
-100.0,100,298.418466
-100.0,100,299.838669
-100.0,100,301.251553
-100.0,100,302.68865
-100.0,100,304.059223
-100.0,100,305.546767
-100.0,100,306.929682
-100.0,100,308.56726
-100.0,100,310.08773
-100.0,100,311.406781
-100.0,100,312.788778
-100.0,100,314.264844
-100.0,100,315.728702
-100.0,100,317.131291
-100.0,100,318.656831
-100.0,100,320.06482
-100.0,100,321.536418
-100.0,100,323.059484
-100.0,100,324.645392
-100.0,100,326.243234
-100.0,100,327.840244
-100.0,100,329.432119
-100.0,100,331.011808
-100.0,100,332.605925
-100.0,100,333.914768
-100.0,100,335.355301
-100.0,100,336.961735
-100.0,100,338.568475
-100.0,100,340.127326
-100.0,100,341.549153
-100.0,100,343.025508
-100.0,100,344.687719
-100.0,100,346.27688
-100.0,100,347.808794
-100.0,100,349.220337
-100.0,100,350.869459
-97.0,100,352.450719
-100.0,100,354.028829
-100.0,100,355.56768
-100.0,100,357.04155
-100.0,100,358.58639
-96.0,100,360.162457
-100.0,100,361.759986
-99.0,100,363.425792
-100.0,100,364.862299
-100.0,100,366.359509
-100.0,100,367.99238
-100.0,100,369.586972
-100.0,100,371.052222
-100.0,100,372.70184
-100.0,100,374.334952
-100.0,100,375.814498
-100.0,100,377.231869
-100.0,100,378.793917
-100.0,100,380.452793
-100.0,100,382.094313
-100.0,100,383.672832
-97.0,100,385.254298
-100.0,100,386.717432
-100.0,100,388.27274
-100.0,100,389.868812
-100.0,100,391.530885
-100.0,100,393.131051
-100.0,100,394.675714
-100.0,100,396.257593
-100.0,100,397.856459
-100.0,100,399.456946
-100.0,100,400.988362
-100.0,100,402.376375
-100.0,100,403.972736
-100.0,100,405.643123
-64.0,100,407.222005
-100.0,100,408.751014
-100.0,100,410.31388
-100.0,100,411.933102
-100.0,100,413.508867
-100.0,100,415.088654
-100.0,100,416.547956
-100.0,100,418.039645
-100.0,100,419.46712
-100.0,100,420.755774
-100.0,100,422.130837
-100.0,100,423.665029
-100.0,100,425.289114
-100.0,100,426.824824
-100.0,100,428.13708
-100.0,100,429.467032
-100.0,100,430.897294
-100.0,100,432.526567
-100.0,100,433.944437
-57.0,100,435.498089
-100.0,100,436.919664
-100.0,100,438.255779
-100.0,100,439.572968
-100.0,100,441.206445
-100.0,100,442.82663
-27.0,100,444.433745
-100.0,100,445.988271
-100.0,100,447.558083
-100.0,100,449.214052
-100.0,100,450.737856
-100.0,100,452.183361
-100.0,100,453.693637
-100.0,100,455.28717
-100.0,100,456.83776
-98.0,100,458.217607
-100.0,100,459.748317
-79.0,100,461.411964
-100.0,100,462.975996
-100.0,100,464.501793
-100.0,100,465.951626
-91.0,100,467.496744
-100.0,100,469.106246
-97.0,100,470.707297
-100.0,100,472.229886
-100.0,100,473.60835
-46.0,100,475.195916
-100.0,100,476.785414
-100.0,100,478.41976
-100.0,100,479.981381
-100.0,100,481.365015
-100.0,100,482.900891
-39.0,100,484.556391
-100.0,100,486.194076
-100.0,100,487.803439
-100.0,100,489.145169
-99.0,100,490.521622
-100.0,100,492.162308
-100.0,100,493.768777
-100.0,100,495.322736
-100.0,100,496.769942
-100.0,100,498.320748
-100.0,100,499.926198
-9.0,100,501.572922
-71.0,100,503.191152
-100.0,100,504.773892
-100.0,100,506.32375
-100.0,100,507.725042
-100.0,100,509.348178
-100.0,100,510.934572
-54.0,100,512.528917
-100.0,100,514.138894
-100.0,100,515.722867
-100.0,100,517.276141
-100.0,100,518.819955
-100.0,100,520.406384
-100.0,100,522.077497
-100.0,100,523.593522
-100.0,100,524.853347
-100.0,100,526.222845
-62.0,100,527.662484
-100.0,100,529.357092
-100.0,100,530.983169
-100.0,100,532.517152
-100.0,100,534.11235
-100.0,100,535.550603
-100.0,100,537.085212
-100.0,100,538.656455
-100.0,100,540.296875
-100.0,100,541.719025
-71.0,100,543.055322
-100.0,100,544.395988
-100.0,100,545.878529
-100.0,100,547.564232
-100.0,100,549.153926
-100.0,100,550.720092
-100.0,100,552.353559
-100.0,100,553.782674
-100.0,100,555.2411
-100.0,100,556.852392
-100.0,100,558.466438
-100.0,100,560.074785
-100.0,100,561.603374
-100.0,100,563.17208
-100.0,100,564.791489
-100.0,100,566.379006
-100.0,100,567.926642
-25.0,100,569.52342
-100.0,100,571.159699
-77.0,100,572.772726
-100.0,100,574.321522
-100.0,100,575.730182
-100.0,100,577.306108
-100.0,100,578.745973
-29.0,100,580.161953
-100.0,100,581.786835
-90.0,100,583.383354
-100.0,100,584.842357
-100.0,100,586.134542
-100.0,100,587.456414
-100.0,100,588.932392
-100.0,100,590.578144
-100.0,100,592.163461
-100.0,100,593.735604
-100.0,100,595.34458
-100.0,100,596.799915
-100.0,100,598.256259
-100.0,100,599.907504
-100.0,100,601.530741
-100.0,100,603.054001
-100.0,100,604.424593
-100.0,100,605.999354
-100.0,100,607.637484
-100.0,100,609.220984
-100.0,100,610.705613
-100.0,100,612.133925
-100.0,100,613.759054
-100.0,100,615.369579
-100.0,100,616.807067
-60.0,100,618.303614
-100.0,100,619.920178
-100.0,100,621.490419
-61.0,100,622.899519
-29.0,100,624.471671
-100.0,100,626.281328
-100.0,100,627.859939
-100.0,100,629.423415
-80.0,100,630.953018
-100.0,100,632.457603
-100.0,100,633.973523
-100.0,100,635.593386
-100.0,100,637.153954
-100.0,100,638.468908
-100.0,100,639.915396
-100.0,100,641.318313
-100.0,100,642.903672
-100.0,100,644.526816
-56.0,100,646.037568
-100.0,100,647.300594
-100.0,100,648.607044
-100.0,100,650.086253
-100.0,100,651.781693
-100.0,100,653.385949
-50.0,100,654.942143
-100.0,100,656.537352
-100.0,100,658.113425
-100.0,100,659.679599
-100.0,100,661.220556
-23.0,100,662.853428
-100.0,100,664.429582
-100.0,100,665.994976
-100.0,100,667.590602
-100.0,100,669.027876
-100.0,100,670.59223
-49.0,100,672.177413
-100.0,100,673.735007
-100.0,100,675.155967
-100.0,100,676.72102
-100.0,100,678.332478
-100.0,100,679.95649
-24.0,100,681.561077
-100.0,100,682.978846
-66.0,100,684.29032
-94.0,100,685.883226
-92.0,100,687.534331
-100.0,100,689.169506
-100.0,100,690.439566
-83.0,100,691.82248
-100.0,100,693.145336
-100.0,100,694.8174
-100.0,100,696.367194
-100.0,100,697.918447
-100.0,100,699.520145
-100.0,100,701.092122
-100.0,100,702.66087
-100.0,100,704.232588
-100.0,100,705.841914
-6.0,100,707.414059
-100.0,100,708.752173
-100.0,100,710.251462
-100.0,100,711.850533
-100.0,100,713.362957
-100.0,100,714.7893
-100.0,100,716.367946
-100.0,100,717.988326
-86.0,100,719.550225
-100.0,100,721.164155
-100.0,100,722.739896
-100.0,100,724.367821
-52.0,100,725.89027
-100.0,100,727.260288
-100.0,100,728.853234
-100.0,100,730.538146
-91.0,100,732.091544
-93.0,100,733.644196
-100.0,100,735.077065
-26.0,100,736.426086
-100.0,100,738.069624
-100.0,100,739.649106
-49.0,100,741.23214
-100.0,100,742.84835
-41.0,100,744.283227
-100.0,100,745.609435
-100.0,100,747.221415
-100.0,100,748.740544
-100.0,100,750.214174
-100.0,100,751.670726
-100.0,100,753.074212
-100.0,100,754.665151
-47.0,100,756.249249
-100.0,100,757.812438
-100.0,100,759.388587
-100.0,100,760.730052
-100.0,100,762.249675
-100.0,100,763.774641
-100.0,100,765.179331
-100.0,100,766.746228
-100.0,100,768.286286
-100.0,100,769.681981
-100.0,100,771.21333
-100.0,100,772.864031
-100.0,100,774.447621
-20.0,100,775.850992
-18.0,100,777.297324
-20.0,100,778.728418
-100.0,100,780.242978
-100.0,100,781.855777
-68.0,100,783.465553
-100.0,100,785.072639
-100.0,100,786.548933
-100.0,100,787.949457
-100.0,100,789.439789
-100.0,100,790.868574
-100.0,100,792.379182
-100.0,100,793.752227
-100.0,100,795.322727
-8.0,100,796.787436
-100.0,100,798.222867
-100.0,100,799.749388
-100.0,100,801.46502
-100.0,100,803.169953
-100.0,100,804.490541
-100.0,100,805.781189
-100.0,100,807.072126
-100.0,100,808.533629
-100.0,100,810.197131
-100.0,100,811.944754
-100.0,100,813.588188
-77.0,100,815.215361
-100.0,100,816.650724
-39.0,100,818.184052
-68.0,100,819.889618
-100.0,100,821.608413
-100.0,100,823.332064
-100.0,100,824.881094
-100.0,100,826.427142
-100.0,100,828.048611
-100.0,100,829.695729
-100.0,100,831.345332
-100.0,100,832.992493
-100.0,100,834.579172
-100.0,100,836.133565
-100.0,100,837.728128
-100.0,100,839.395784
-100.0,100,841.058528
-100.0,100,842.644197
-100.0,100,844.025701
-100.0,100,845.501093
-11.0,100,847.106696
-71.0,100,848.748172
-40.0,100,850.535838
-100.0,100,852.146109
-100.0,100,853.74834
-100.0,100,855.065052
-46.0,100,856.530736
-100.0,100,858.177384
-100.0,100,859.821408
-100.0,100,861.434102
-100.0,100,862.729018
-100.0,100,863.949247
-93.0,100,865.235113
-88.0,100,866.796463
-100.0,100,868.385787
-100.0,100,870.147274
-100.0,100,871.809731
-100.0,100,873.21775
-100.0,100,874.717881
-100.0,100,876.303643
-100.0,100,877.943741
-100.0,100,879.531652
-100.0,100,881.001556
-33.0,100,882.487399
-100.0,100,884.106679
-52.0,100,885.729702
-100.0,100,887.324531
-100.0,100,888.927057
-100.0,100,890.541264
-100.0,100,891.959575
-100.0,100,893.461068
-5.0,100,895.093488
-100.0,100,896.703445
-100.0,100,898.255019
-9.0,100,899.713233
-100.0,100,901.209206
-100.0,100,902.77913
-100.0,100,904.203973
-18.0,100,905.964659
-100.0,100,907.447176
-100.0,100,908.856396
-100.0,100,910.225952
-100.0,100,911.601619
-100.0,100,913.161429
-100.0,100,914.766692
-100.0,100,916.39795
-100.0,100,917.962738
-98.0,100,919.496953
-100.0,100,920.949247
-100.0,100,922.427556
-100.0,100,924.066643
-100.0,100,925.664724
-100.0,100,927.167289
-100.0,100,928.534814
-100.0,100,930.01493
-100.0,100,931.411379
-100.0,100,933.005418
-100.0,100,934.420229
-40.0,100,935.864653
-100.0,100,937.344916
-100.0,100,938.790135
-100.0,100,940.304104
-100.0,100,941.704035
-66.0,100,943.257068
-43.0,100,944.817931
-54.0,100,946.292202
-100.0,100,947.718847
-21.0,100,949.239094
-76.0,100,950.671782
-100.0,100,952.116972
-100.0,100,953.685894
-100.0,100,955.177877
-11.0,100,956.59373
-100.0,100,958.050489
-100.0,100,959.450686
-100.0,100,961.018526
-100.0,100,962.610881
-100.0,100,964.116673
-82.0,100,965.507434
-100.0,100,967.05216
-100.0,100,968.682
-100.0,100,970.188398
-100.0,100,971.676633
-47.0,100,973.249187
-100.0,100,974.720606
-67.0,100,976.082847
-13.0,100,977.525904
-100.0,100,978.991272
-100.0,100,980.583352
-100.0,100,982.094188
-69.0,100,983.43656
-100.0,100,984.922913
-100.0,100,986.333565
-100.0,100,987.96529
-100.0,100,989.536409
-83.0,100,991.102911
-100.0,100,992.510737
-100.0,100,993.978424
-14.0,100,995.488921
-100.0,100,997.000577
-100.0,100,998.673626
-100.0,100,1000.19612
-100.0,100,1001.604752
-100.0,100,1003.132061
-100.0,100,1004.499848
-100.0,100,1006.191658
-100.0,100,1007.951847
-100.0,100,1009.504426
-100.0,100,1010.909767
-100.0,100,1012.315506
-100.0,100,1013.70119
-100.0,100,1015.221696
-100.0,100,1016.793266
-100.0,100,1018.31235
-100.0,100,1019.685679
-100.0,100,1021.221477
-100.0,100,1022.495219
-100.0,100,1023.93749
-100.0,100,1025.309134
-100.0,100,1026.819969
-68.0,100,1028.399108
-100.0,100,1029.798033
-100.0,100,1031.21268
-100.0,100,1032.580869
-100.0,100,1034.309523
-99.0,100,1035.947188
-100.0,100,1037.466001
0.0,100,1038.85102
-100.0,100,1040.298971
-100.0,100,1041.704199
-100.0,100,1043.159301
-100.0,100,1044.765761
-100.0,100,1046.374711
-38.0,100,1047.966339
-100.0,100,1049.458356
-63.0,100,1051.171366
-100.0,100,1052.918422
-100.0,100,1054.497783
-72.0,100,1056.011739
-100.0,100,1057.353926
-100.0,100,1058.923708
-100.0,100,1060.483728
-88.0,100,1061.882469
-100.0,100,1063.336447
-100.0,100,1064.898566
-100.0,100,1066.340048
-100.0,100,1067.63222
-100.0,100,1069.003415
-100.0,100,1070.529928
-17.0,100,1072.046453
-100.0,100,1073.48298
-100.0,100,1075.05631
-78.0,100,1076.479518
-100.0,100,1077.962225
-33.0,100,1079.550285
-100.0,100,1081.015383
-100.0,100,1082.439377
-100.0,100,1083.957614
-100.0,100,1085.347294
-100.0,100,1086.63749
-100.0,100,1087.9846
-100.0,100,1089.602495
-100.0,100,1091.109328
-100.0,100,1092.50289
-100.0,100,1094.03272
-100.0,100,1095.415938
-100.0,100,1096.947674
-100.0,100,1098.524296
-100.0,100,1100.071344
-88.0,100,1101.62415
-100.0,100,1103.076962
-100.0,100,1104.526708
-49.0,100,1105.967896
-43.0,100,1107.758759
-100.0,100,1109.33564
-100.0,100,1110.739353
-100.0,100,1112.249153
-99.0,100,1113.649258
-100.0,100,1115.148911
-100.0,100,1116.610559
-83.0,100,1118.14459
-66.0,100,1119.716259
-52.0,100,1121.206992
-100.0,100,1122.48748
-100.0,100,1123.758341
-100.0,100,1125.325662
-100.0,100,1126.971161
-100.0,100,1128.496426
-100.0,100,1129.905798
-100.0,100,1131.348397
-33.0,100,1132.818103
-100.0,100,1134.328427
-5.0,100,1135.923264
-100.0,100,1137.476061
-100.0,100,1139.01456
-100.0,100,1140.551171
-100.0,100,1141.958267
-100.0,100,1143.471846
-100.0,100,1145.109667
-100.0,100,1146.586201
-100.0,100,1148.082125
-100.0,100,1149.601909
-100.0,100,1151.069273
-100.0,100,1152.486537
-100.0,100,1154.066603
-100.0,100,1155.723339
-11.0,100,1157.325879
-100.0,100,1158.70226
-100.0,100,1160.18656
-100.0,100,1161.734396
-24.0,100,1163.313083
-100.0,100,1164.671212
-100.0,100,1166.21616
-10.0,100,1167.74985
-100.0,100,1169.167258
-100.0,100,1170.737587
-100.0,100,1172.417867
-5.0,100,1173.972383
-100.0,100,1175.514153
-100.0,100,1176.854883
-24.0,100,1178.110015
-100.0,100,1179.353706
-100.0,100,1180.967844
-77.0,100,1182.608963
-100.0,100,1184.186044
-100.0,100,1185.73503
-53.0,100,1187.244264
-100.0,100,1188.566726
-100.0,100,1190.187148
-11.0,100,1191.754619
-5.0,100,1193.349638
-100.0,100,1194.773625
-100.0,100,1196.277529
-100.0,100,1197.809966
-100.0,100,1199.417003
-100.0,100,1201.0443
-80.0,100,1202.705443
-100.0,100,1204.195438
-28.0,100,1205.584758
-100.0,100,1206.98831
-29.0,100,1208.500147
-100.0,100,1210.063483
-100.0,100,1211.66995
-100.0,100,1213.145727
-100.0,100,1214.50066
-100.0,100,1216.011841
-100.0,100,1217.400918
-100.0,100,1218.954591
-12.0,100,1220.500498
-100.0,100,1221.880076
-100.0,100,1223.422311
-100.0,100,1224.872655
-100.0,100,1226.317787
-100.0,100,1227.846346
-24.0,100,1229.26188
-100.0,100,1230.882802
-100.0,100,1232.131693
-100.0,100,1233.387343
-31.0,100,1234.670178
-69.0,100,1236.257199
-21.0,100,1237.870154
-100.0,100,1239.431002
-100.0,100,1240.865113
-100.0,100,1242.269527
-100.0,100,1243.74775
-87.0,100,1245.234419
-100.0,100,1246.818719
-100.0,100,1248.340829
-53.0,100,1249.743063
-76.0,100,1251.038569
-100.0,100,1252.278985
-100.0,100,1253.880758
-53.0,100,1255.472203
-100.0,100,1256.982403
-88.0,100,1258.35017
-100.0,100,1259.798824
-56.0,100,1261.173782
-100.0,100,1262.786156
-100.0,100,1264.228596
-100.0,100,1265.611057
-100.0,100,1267.191355
-100.0,100,1268.738297
-22.0,100,1270.088614
-100.0,100,1271.662436
-100.0,100,1273.260551
-100.0,100,1274.88132
-98.0,100,1276.43345
-2.0,100,1277.858196
-100.0,100,1279.482253
-100.0,100,1281.088705
0.0,100,1282.654991
-100.0,100,1284.252382
-100.0,100,1285.831087
-100.0,100,1287.285918
-9.0,100,1288.784511
-100.0,100,1290.377751
-100.0,100,1292.030476
-100.0,100,1293.589645
-100.0,100,1295.135706
-97.0,100,1296.661571
-100.0,100,1298.112307
-93.0,100,1299.572742
-100.0,100,1301.012853
-100.0,100,1302.596585
-100.0,100,1304.209302
-100.0,100,1305.579278
-100.0,100,1307.015731
-100.0,100,1308.563777
-100.0,100,1310.090063
-100.0,100,1311.531353
-100.0,100,1313.107094
-100.0,100,1314.514746
-100.0,100,1315.966568
-100.0,100,1317.54608
-100.0,100,1319.070768
-31.0,100,1320.462685
-100.0,100,1322.200059
-47.0,100,1323.708947
-100.0,100,1325.078243
-82.0,100,1326.632426
-100.0,100,1328.080551
-53.0,100,1329.545522
-25.0,100,1331.104169
-100.0,100,1332.627944
-96.0,100,1334.148885
-100.0,100,1335.574669
-100.0,100,1337.094676
-19.0,100,1338.669948
-28.0,100,1340.2699
-100.0,100,1341.758717
-100.0,100,1343.15961
-100.0,100,1344.40103
-7.0,100,1345.903331
-100.0,100,1347.431952
-100.0,100,1348.817307
-100.0,100,1350.400342
-100.0,100,1351.970051
-100.0,100,1353.371272
-100.0,100,1354.771322
-100.0,100,1356.361173
-100.0,100,1357.937218
-100.0,100,1359.395583
-100.0,100,1360.838031
-100.0,100,1362.381277
-100.0,100,1364.006478
-100.0,100,1365.607473
-60.0,100,1366.997269
-8.0,100,1368.579926
-100.0,100,1370.009748
-19.0,100,1371.479948
-100.0,100,1373.150154
-100.0,100,1374.765492
-100.0,100,1376.185126
-100.0,100,1377.671292
-74.0,100,1379.021684
-66.0,100,1380.549201
-100.0,100,1382.344042
-100.0,100,1383.801339
-7.0,100,1385.294675
-69.0,100,1386.871546
-100.0,100,1388.366214
-100.0,100,1389.793068
-100.0,100,1391.221535
-69.0,100,1392.638804
-20.0,100,1394.238017
-78.0,100,1395.726809
-100.0,100,1396.966847
-100.0,100,1398.258793
-61.0,100,1399.521443
-100.0,100,1401.062451
-100.0,100,1402.502908
-27.0,100,1403.904976
-100.0,100,1405.279644
-28.0,100,1406.754913
-100.0,100,1408.059301
-100.0,100,1409.457296
-49.0,100,1411.226769
-100.0,100,1412.788993
-75.0,100,1414.259254
-100.0,100,1415.469539
-100.0,100,1416.722789
-100.0,100,1418.072574
-13.0,100,1419.806283
-100.0,100,1421.318933
-100.0,100,1422.715026
-100.0,100,1424.182224
-8.0,100,1425.539723
-18.0,100,1427.091779
-100.0,100,1428.567653
-100.0,100,1429.935903
-100.0,100,1431.540906
-100.0,100,1432.913222
-100.0,100,1434.344705
-100.0,100,1435.851565
-90.0,100,1437.274229
-100.0,100,1438.856631
-100.0,100,1440.232068
-100.0,100,1441.637665
-100.0,100,1442.983665
-100.0,100,1444.486528
-57.0,100,1445.92538
-100.0,100,1447.438325
-38.0,100,1449.012581
-100.0,100,1450.536589
-100.0,100,1451.796999
-1.0,100,1453.260547
-100.0,100,1454.608219
-23.0,100,1456.107168
-8.0,100,1457.502561
-100.0,100,1459.029035
-100.0,100,1460.267944
-100.0,100,1461.594957
-100.0,100,1462.964653
-100.0,100,1464.450001
-86.0,100,1466.018831
-87.0,100,1467.402502
-100.0,100,1468.891369
-100.0,100,1470.176366
-100.0,100,1471.530912
-100.0,100,1472.873713
-100.0,100,1474.381732
-100.0,100,1475.760935
-12.0,100,1477.211408
0.0,100,1478.571732
-100.0,100,1480.031018
-93.0,100,1481.520199
-18.0,100,1482.94139
-100.0,100,1484.43437
-100.0,100,1485.800278
-100.0,100,1487.373168
-100.0,100,1488.769765
-100.0,100,1490.137927
-20.0,100,1491.716665
-100.0,100,1493.164549
-33.0,100,1494.59091
-9.0,100,1496.057206
-100.0,100,1497.395353
-100.0,100,1498.871905
-46.0,100,1500.251111
-100.0,100,1501.765683
-17.0,100,1503.286785
-65.0,100,1504.704752
-4.0,100,1506.056584
-100.0,100,1507.263996
-100.0,100,1508.577177
-63.0,100,1510.061318
-100.0,100,1511.615572
-100.0,100,1513.236307
-100.0,100,1514.688914
-12.0,100,1516.269594
-100.0,100,1517.957249
-40.0,100,1519.570122
-100.0,100,1521.156848
-100.0,100,1522.548571
-100.0,100,1523.973709
-100.0,100,1525.321907
-100.0,100,1526.754961
-100.0,100,1528.087203
-100.0,100,1529.628885
-93.0,100,1531.046066
-100.0,100,1532.733686
-100.0,100,1534.337264
-100.0,100,1535.795925
-100.0,100,1537.198276
-100.0,100,1538.801644
-87.0,100,1540.402763
-54.0,100,1542.009123
-100.0,100,1543.528367
-52.0,100,1544.939885
-100.0,100,1546.496812
-100.0,100,1547.975251
-100.0,100,1549.450879
-100.0,100,1551.041901
-100.0,100,1552.546247
-100.0,100,1553.882525
-4.0,100,1555.116769
-100.0,100,1556.555096
-100.0,100,1558.177085
-10.0,100,1559.771796
-94.0,100,1561.080703
-100.0,100,1562.334678
-100.0,100,1563.531341
-42.0,100,1565.023021
-87.0,100,1566.647247
-100.0,100,1568.19489
-100.0,100,1569.554057
-100.0,100,1571.058502
-53.0,100,1572.39427
-100.0,100,1573.769833
-100.0,100,1575.254035
-100.0,100,1576.872387
-100.0,100,1578.470112
-100.0,100,1579.929138
-100.0,100,1581.32032
-100.0,100,1582.850166
-100.0,100,1584.487783
-100.0,100,1585.866359
-100.0,100,1587.316863
-100.0,100,1588.763052
-100.0,100,1590.194989
-100.0,100,1591.64519
-100.0,100,1593.068233
-100.0,100,1594.638559
-100.0,100,1596.156605
-3.0,100,1597.564513
-100.0,100,1599.051032
-100.0,100,1600.396238
-100.0,100,1601.921006
-100.0,100,1603.309625
-100.0,100,1604.837938
-100.0,100,1606.57401
-100.0,100,1608.12728
-100.0,100,1609.497449
-100.0,100,1611.000099
-100.0,100,1612.377991
-100.0,100,1613.910195
-100.0,100,1615.498118
-100.0,100,1616.745179
-21.0,100,1617.991388
-5.0,100,1619.28005
-100.0,100,1620.670551
-100.0,100,1622.108709
-37.0,100,1623.8007
-2.0,100,1625.186029
-100.0,100,1626.587001
-100.0,100,1628.02087
-100.0,100,1629.359483
-100.0,100,1630.833977
-100.0,100,1632.211986
-3.0,100,1633.687227
-70.0,100,1635.050312
-53.0,100,1636.55054
-2.0,100,1637.890353
-56.0,100,1639.420111
-100.0,100,1640.949453
-100.0,100,1642.286175
-66.0,100,1643.741511
-100.0,100,1645.099644
-66.0,100,1646.533415
-100.0,100,1647.880918
-25.0,100,1649.489431
-100.0,100,1650.913195
-39.0,100,1652.342787
-19.0,100,1653.744916
-100.0,100,1655.143337
-100.0,100,1656.658547
-61.0,100,1658.111205
-39.0,100,1659.800021
-100.0,100,1661.34862
-61.0,100,1662.693029
-100.0,100,1664.052465
-100.0,100,1665.370244
-100.0,100,1666.843364
0.0,100,1668.185062
-100.0,100,1669.768075
-51.0,100,1671.088621
-100.0,100,1672.322701
-100.0,100,1673.596053
-21.0,100,1675.181463
-100.0,100,1676.758051
-100.0,100,1678.301306
-7.0,100,1679.719679
-100.0,100,1681.165113
-72.0,100,1682.598529
-100.0,100,1684.005654
-100.0,100,1685.512959
-24.0,100,1686.900381
-100.0,100,1688.463257
-10.0,100,1689.831425
-100.0,100,1691.259733
-100.0,100,1692.682728
-100.0,100,1694.159123
-100.0,100,1695.884906
-100.0,100,1697.435767
-21.0,100,1698.948901
-100.0,100,1700.339219
-63.0,100,1701.867753
-28.0,100,1703.344534
-100.0,100,1704.713379
-3.0,100,1706.429871
-100.0,100,1707.902964
-99.0,100,1709.352345
-100.0,100,1710.826543
-100.0,100,1712.189203
-100.0,100,1713.772925
-100.0,100,1715.347667
-2.0,100,1716.715812
-100.0,100,1718.175862
-95.0,100,1719.3759
-24.0,100,1720.842027
-100.0,100,1722.401868
-100.0,100,1723.892769
-3.0,100,1725.29337
-100.0,100,1726.760126
-97.0,100,1727.949144
-100.0,100,1729.170113
-100.0,100,1730.665245
-100.0,100,1732.273443
-100.0,100,1733.642902
-75.0,100,1735.0737
-100.0,100,1736.549919
-99.0,100,1737.905422
-33.0,100,1739.502883
-7.0,100,1741.055317
-100.0,100,1742.584343
-100.0,100,1743.993449
-100.0,100,1745.676634
-15.0,100,1747.135827
-100.0,100,1748.551906
-100.0,100,1749.999336
-100.0,100,1751.429249
-100.0,100,1752.887345
-100.0,100,1754.228853
-28.0,100,1755.695932
-100.0,100,1757.091886
-3.0,100,1758.60392
-100.0,100,1759.953414
-100.0,100,1761.443365
-100.0,100,1763.020904
-75.0,100,1764.220194
-100.0,100,1765.514139
-100.0,100,1766.86126
-100.0,100,1768.373624
-86.0,100,1769.95463
-100.0,100,1771.36925
-100.0,100,1772.79478
-100.0,100,1774.3172
-100.0,100,1775.714049
-100.0,100,1777.355764
-100.0,100,1778.931765
-6.0,100,1780.562145
-100.0,100,1781.808105
-100.0,100,1783.07252
-100.0,100,1784.437407
-73.0,100,1785.97283
-100.0,100,1787.469296
-23.0,100,1788.879875
-26.0,100,1790.424427
-39.0,100,1791.813963
-100.0,100,1793.282661
-100.0,100,1794.690764
-100.0,100,1796.227525
-100.0,100,1797.893039
-10.0,100,1799.343755
-100.0,100,1800.749931
-100.0,100,1802.231208
-100.0,100,1803.610736
-40.0,100,1805.235967
-100.0,100,1806.66487
-49.0,100,1808.089031
-2.0,100,1809.551556
-100.0,100,1810.96836
-100.0,100,1812.403141
-100.0,100,1813.82798
-37.0,100,1815.239023
-13.0,100,1816.652754
-100.0,100,1818.005561
-100.0,100,1819.251293
-100.0,100,1820.480303
-100.0,100,1822.035777
-100.0,100,1823.630823
-100.0,100,1824.998668
-100.0,100,1826.494945
-100.0,100,1827.954512
-100.0,100,1829.284383
-100.0,100,1830.924217
-100.0,100,1832.492157
-9.0,100,1834.041761
-100.0,100,1835.643052
-100.0,100,1837.08526
-100.0,100,1838.409904
-46.0,100,1839.944688
-100.0,100,1841.579313
0.0,100,1843.132837
-74.0,100,1844.626977
-100.0,100,1846.028197
-100.0,100,1847.585371
-100.0,100,1849.020344
-7.0,100,1850.5447
-53.0,100,1852.134266
-93.0,100,1853.71408
-99.0,100,1855.141206
-100.0,100,1856.583092
-100.0,100,1858.203963
-9.0,100,1859.813032
-100.0,100,1861.429709
-100.0,100,1862.85673
-100.0,100,1864.330198
-100.0,100,1865.735886
-100.0,100,1867.222406
-100.0,100,1868.820492
-100.0,100,1870.414844
-100.0,100,1871.815275
-100.0,100,1873.193294
-32.0,100,1874.434719
-100.0,100,1876.059576
-100.0,100,1877.882535
-100.0,100,1879.477266
-100.0,100,1881.003812
-100.0,100,1882.392905
-100.0,100,1883.722193
-2.0,100,1885.199962
-100.0,100,1886.83472
-100.0,100,1888.571543
-100.0,100,1890.141889
-59.0,100,1891.414294
-100.0,100,1892.816342
-43.0,100,1894.388476
-27.0,100,1896.010408
-100.0,100,1897.590894
-43.0,100,1899.126121
-100.0,100,1900.663344
-96.0,100,1902.249566
-100.0,100,1903.818063
-96.0,100,1905.430184
-100.0,100,1907.121389
-100.0,100,1908.924877
-100.0,100,1910.458307
-10.0,100,1911.859508
-100.0,100,1913.435623
-100.0,100,1915.048016
-100.0,100,1916.633115
-100.0,100,1918.054492
-69.0,100,1919.497748
-7.0,100,1921.084872
-87.0,100,1922.656455
-90.0,100,1924.234929
-34.0,100,1925.840314
-100.0,100,1927.436772
-16.0,100,1928.854962
-100.0,100,1930.369879
-100.0,100,1931.952868
-100.0,100,1933.567693
-100.0,100,1935.139628
-29.0,100,1936.573406
-18.0,100,1938.059575
-100.0,100,1939.483374
-100.0,100,1941.05467
-100.0,100,1942.674279
-100.0,100,1944.232709
-100.0,100,1945.67391
-57.0,100,1947.198956
-100.0,100,1948.790438
-100.0,100,1950.403112
-100.0,100,1952.03351
-100.0,100,1953.754457
-47.0,100,1955.329643
-100.0,100,1956.862809
-100.0,100,1958.470179
-75.0,100,1960.077767
-15.0,100,1961.706469
-20.0,100,1963.260341
-18.0,100,1964.886038
-100.0,100,1966.291186
-100.0,100,1967.755206
-100.0,100,1969.400245
-100.0,100,1971.018086
-100.0,100,1972.589089
-13.0,100,1974.149213
-100.0,100,1975.713822
-100.0,100,1977.339538
-79.0,100,1978.831681
-27.0,100,1980.307047
-100.0,100,1982.15126
-20.0,100,1983.86085
-100.0,100,1985.517287
-100.0,100,1987.352066
-100.0,100,1989.096654
-100.0,100,1990.869604
-84.0,100,1992.463709
-100.0,100,1994.034673
-38.0,100,1995.597081
-44.0,100,1997.281632
-100.0,100,1998.942072
-100.0,100,2000.565211
-19.0,100,2002.114529
-22.0,100,2003.40261
-100.0,100,2004.772299
-100.0,100,2006.17992
-3.0,100,2007.877949
-100.0,100,2009.499052
-100.0,100,2010.968608
-100.0,100,2012.342598
-100.0,100,2013.876709
-100.0,100,2015.447461
-100.0,100,2016.85439
-100.0,100,2018.433573
-100.0,100,2019.9902
-24.0,100,2021.445837
-100.0,100,2022.962665
-100.0,100,2024.528602
-100.0,100,2026.084908
-100.0,100,2027.676665
-100.0,100,2029.135316
-100.0,100,2030.600711
-22.0,100,2032.142447
-100.0,100,2033.752215
-100.0,100,2035.345848
-100.0,100,2036.9181
-100.0,100,2038.359574
-100.0,100,2039.834552
-100.0,100,2041.334579
-100.0,100,2042.767382
-100.0,100,2044.354874
-100.0,100,2045.948693
-100.0,100,2047.462947
-100.0,100,2048.861267
-100.0,100,2050.398315
-100.0,100,2051.913179
-100.0,100,2053.488668
-7.0,100,2055.154066
-100.0,100,2057.014814
-5.0,100,2058.603687
-100.0,100,2060.161628
-69.0,100,2061.807936
-100.0,100,2063.384074
-8.0,100,2064.976722
-100.0,100,2066.335456
-100.0,100,2067.874808
-49.0,100,2069.445187
-35.0,100,2070.996698
-100.0,100,2072.452597
-100.0,100,2074.033546
-100.0,100,2075.581341
-13.0,100,2077.144555
-100.0,100,2078.641362
-100.0,100,2080.047004
-100.0,100,2081.651124
-100.0,100,2083.466117
-38.0,100,2084.98899
-100.0,100,2086.367006
-100.0,100,2087.928196
-25.0,100,2089.575869
-23.0,100,2091.045103
-100.0,100,2092.526906
-38.0,100,2094.074522
-29.0,100,2095.683026
-100.0,100,2097.068423
-100.0,100,2098.567979
-19.0,100,2100.149268
-13.0,100,2101.679389
-100.0,100,2102.969555
-100.0,100,2104.259321
-100.0,100,2105.685721
-100.0,100,2107.294402
-100.0,100,2109.047543
-51.0,100,2110.621801
-95.0,100,2112.150768
-100.0,100,2113.677459
-17.0,100,2114.945358
-100.0,100,2116.581123
-42.0,100,2118.132916
-44.0,100,2119.748602
-19.0,100,2121.117668
-100.0,100,2122.556143
-100.0,100,2124.096119
-25.0,100,2125.906284
-100.0,100,2127.50311
-36.0,100,2129.09005
-100.0,100,2130.532577
-100.0,100,2132.005653
-100.0,100,2133.568968
-100.0,100,2135.0176
-100.0,100,2136.655475
-24.0,100,2138.338756
-27.0,100,2139.889987
-100.0,100,2141.435088
-100.0,100,2143.053111
-100.0,100,2144.737799
-100.0,100,2146.361699
-100.0,100,2148.037626
-100.0,100,2149.642986
-100.0,100,2151.217523
-33.0,100,2152.655758
-97.0,100,2154.153126
-100.0,100,2155.739704
-23.0,100,2157.569071
-100.0,100,2158.927857
-3.0,100,2160.284151
-100.0,100,2161.880289
-100.0,100,2163.380532
-100.0,100,2164.911159
-100.0,100,2166.447176
-22.0,100,2168.004897
-100.0,100,2169.520078
-4.0,100,2170.958907
-4.0,100,2172.544086
-100.0,100,2174.070843
-100.0,100,2175.60974
-63.0,100,2176.985335
-36.0,100,2178.564242
-100.0,100,2180.093248
-4.0,100,2181.70599
-100.0,100,2183.253235
-41.0,100,2184.661609
-4.0,100,2186.252143
-7.0,100,2187.84481
-23.0,100,2189.413608
-54.0,100,2191.007881
-100.0,100,2192.617357
-100.0,100,2194.183491
-100.0,100,2195.59807
-100.0,100,2197.092586
-100.0,100,2198.531629
-34.0,100,2200.273373
-51.0,100,2201.839757
-28.0,100,2203.372054
-5.0,100,2204.924141
-100.0,100,2206.528787
-100.0,100,2208.135573
-15.0,100,2209.763111
-100.0,100,2211.388519
-100.0,100,2212.961739
-100.0,100,2214.328925
-7.0,100,2215.654594
-100.0,100,2217.058538
-100.0,100,2218.681134
-100.0,100,2220.24113
-100.0,100,2221.510084
-100.0,100,2223.031754
-100.0,100,2224.641982
-100.0,100,2226.240594
-14.0,100,2227.824439
-100.0,100,2229.450358
-9.0,100,2231.071134
-100.0,100,2232.375682
-100.0,100,2233.728014
-70.0,100,2235.262615
-100.0,100,2236.691581
-100.0,100,2238.293258
-26.0,100,2239.803489
-100.0,100,2241.175856
-100.0,100,2242.792694
-7.0,100,2244.378686
-100.0,100,2245.982069
-100.0,100,2247.564192
-100.0,100,2249.140759
-100.0,100,2250.526607
-11.0,100,2252.092371
-100.0,100,2253.711194
-12.0,100,2255.356456
-100.0,100,2256.934396
-100.0,100,2258.488786
-100.0,100,2259.98415
-100.0,100,2261.429211
-12.0,100,2263.137011
-100.0,100,2264.756639
-91.0,100,2266.336104
-100.0,100,2267.785333
-100.0,100,2269.119203
-100.0,100,2270.458365
-100.0,100,2272.039941
-100.0,100,2273.693166
-100.0,100,2275.177103
-100.0,100,2276.409133
-100.0,100,2277.669147
-100.0,100,2279.060074
-100.0,100,2280.740579
-100.0,100,2282.32653
-100.0,100,2283.906219
-90.0,100,2285.249023
-97.0,100,2286.615165
-100.0,100,2288.209246
-28.0,100,2289.957131
-51.0,100,2291.579164
-100.0,100,2293.18738
-100.0,100,2294.722093
-100.0,100,2296.272441
-100.0,100,2297.878698
-70.0,100,2299.503943
-100.0,100,2301.060114
-100.0,100,2302.604705
-100.0,100,2304.209259
-100.0,100,2305.749035
-100.0,100,2307.156567
-24.0,100,2308.781254
-35.0,100,2310.452914
-100.0,100,2312.008969
-100.0,100,2313.455666
-100.0,100,2314.948912
-100.0,100,2316.569044
-43.0,100,2318.204849
-100.0,100,2319.922429
-18.0,100,2321.456269
-100.0,100,2322.975072
-10.0,100,2324.428205
-100.0,100,2326.023639
-3.0,100,2327.77652
-100.0,100,2329.411308
-100.0,100,2330.790555
-100.0,100,2332.020608
-100.0,100,2333.365573
-100.0,100,2334.878517
-100.0,100,2336.495291
-100.0,100,2338.126118
-27.0,100,2339.688421
-100.0,100,2341.247669
-100.0,100,2342.701731
-36.0,100,2344.203584
-49.0,100,2345.792466
-14.0,100,2347.478573
-100.0,100,2348.930358
-100.0,100,2350.339832
-100.0,100,2351.900016
-100.0,100,2353.534518
-100.0,100,2355.073273
-8.0,100,2356.669246
-68.0,100,2358.201643
-3.0,100,2359.649024
-17.0,100,2361.187706
-3.0,100,2362.9258
-100.0,100,2364.5111
-81.0,100,2366.150428
-100.0,100,2367.661356
-100.0,100,2369.076314
-47.0,100,2370.613267
-100.0,100,2372.249493
-19.0,100,2374.053565
-14.0,100,2375.670301
-56.0,100,2377.223915
-100.0,100,2378.803438
-100.0,100,2380.459446
-100.0,100,2382.041743
-98.0,100,2383.777158
-100.0,100,2385.599901
-100.0,100,2386.935118
-43.0,100,2388.466572
-44.0,100,2390.137417
-100.0,100,2391.796238
-100.0,100,2393.37701
-47.0,100,2394.927737
-100.0,100,2396.468835
-100.0,100,2398.091543
-71.0,100,2399.693729
-16.0,100,2401.356843
-29.0,100,2402.994155
-100.0,100,2404.5943
-6.0,100,2406.207479
-100.0,100,2407.792381
-18.0,100,2409.422181
-97.0,100,2411.071012
-39.0,100,2412.668315
-100.0,100,2414.229849
-100.0,100,2415.811959
-100.0,100,2417.42028
-100.0,100,2419.184678
-83.0,100,2420.816096
-100.0,100,2422.365784
-100.0,100,2423.939741
-100.0,100,2425.387876
-62.0,100,2426.856895
-59.0,100,2428.477477
-51.0,100,2430.1283
-100.0,100,2431.531599
-100.0,100,2432.823553
-100.0,100,2434.043844
-100.0,100,2435.551108
-100.0,100,2437.169971
-100.0,100,2438.710847
-35.0,100,2440.177794
-100.0,100,2441.450282
-13.0,100,2442.779629
-100.0,100,2444.259394
-100.0,100,2445.872324
-23.0,100,2447.43416
-100.0,100,2448.944494
-87.0,100,2450.169258
-100.0,100,2451.443855
-47.0,100,2452.807434
-100.0,100,2454.44146
-100.0,100,2456.027291
-100.0,100,2457.563833
-17.0,100,2459.05125
-100.0,100,2460.500579
-6.0,100,2462.222711
-68.0,100,2463.77449
-100.0,100,2465.326152
-6.0,100,2466.803844
-31.0,100,2468.365629
-100.0,100,2469.927652
-100.0,100,2471.631968
-16.0,100,2473.320012
-100.0,100,2474.916698
-95.0,100,2476.386088
-38.0,100,2477.885706
-5.0,100,2479.460544
-100.0,100,2481.198655
-31.0,100,2482.796783
-100.0,100,2484.403423
-36.0,100,2485.925055
-12.0,100,2487.325494
-14.0,100,2488.902313
-100.0,100,2490.449671
-23.0,100,2491.936762
-100.0,100,2493.576279
-100.0,100,2495.115285
-100.0,100,2496.67738
-100.0,100,2498.152258
-100.0,100,2499.58375
-85.0,100,2501.199494
-100.0,100,2502.847716
-100.0,100,2504.28158
-100.0,100,2505.782418
-100.0,100,2507.393988
-4.0,100,2509.098672
-100.0,100,2510.687315
-13.0,100,2512.454834
-100.0,100,2513.88833
-100.0,100,2515.476958
-100.0,100,2517.032952
-100.0,100,2518.61291
-100.0,100,2520.213621
-100.0,100,2521.781458
-100.0,100,2523.157927
-100.0,100,2524.733648
-100.0,100,2526.312718
-100.0,100,2527.934111
-100.0,100,2529.35794
-7.0,100,2530.873085
-100.0,100,2532.4134
-100.0,100,2533.993459
-88.0,100,2535.600412
-17.0,100,2537.203623
-10.0,100,2538.821582
-100.0,100,2540.315897
-49.0,100,2541.740919
-5.0,100,2543.38623
-49.0,100,2544.97013
-69.0,100,2546.590616
-32.0,100,2548.283852
-3.0,100,2549.82983
-48.0,100,2551.365125
-100.0,100,2552.93189
-6.0,100,2554.571056
-100.0,100,2556.192808
-100.0,100,2557.817744
-100.0,100,2559.430106
-100.0,100,2560.875311
-100.0,100,2562.437234
-53.0,100,2564.095261
-100.0,100,2565.763472
-100.0,100,2567.342876
-86.0,100,2568.92719
-5.0,100,2570.522349
-100.0,100,2572.106938
-100.0,100,2573.56349
-72.0,100,2575.148724
-59.0,100,2576.772577
-100.0,100,2578.403054
-24.0,100,2579.981377
-73.0,100,2581.573581
-49.0,100,2583.215289
-100.0,100,2584.840268
-91.0,100,2586.389141
-100.0,100,2587.965293
-100.0,100,2589.480057
-100.0,100,2590.955259
-100.0,100,2592.498432
-51.0,100,2594.093067
-100.0,100,2595.663199
-4.0,100,2597.264171
-100.0,100,2598.675587
-100.0,100,2600.194872
-100.0,100,2601.760355
-100.0,100,2603.599098
-11.0,100,2604.951872
-100.0,100,2606.297861
-100.0,100,2607.922309
-100.0,100,2609.572722
-100.0,100,2611.22553
-100.0,100,2612.865163
-13.0,100,2614.488611
-100.0,100,2616.092443
-100.0,100,2617.46074
-100.0,100,2618.931309
-100.0,100,2620.681939
-100.0,100,2622.491629
-100.0,100,2623.881548
-9.0,100,2625.117693
-55.0,100,2626.393542
-7.0,100,2627.855509
-15.0,100,2629.54711
-100.0,100,2631.194689
-81.0,100,2632.791314
-67.0,100,2634.594376
-100.0,100,2635.965064
-100.0,100,2637.496568
-9.0,100,2639.212803
-100.0,100,2640.857639
-100.0,100,2642.440813
-27.0,100,2644.014324
-100.0,100,2645.595228
-100.0,100,2647.256661
-52.0,100,2648.926454
-100.0,100,2650.548826
-98.0,100,2652.197424
-79.0,100,2653.813839
-100.0,100,2655.464018
-32.0,100,2657.20984
-100.0,100,2658.842241
-34.0,100,2660.503598
-15.0,100,2661.817376
-100.0,100,2663.083785
-100.0,100,2664.391065
-85.0,100,2666.094091
-100.0,100,2667.874537
-24.0,100,2669.680124
-100.0,100,2671.334494
-100.0,100,2672.957918
-15.0,100,2674.637733
-100.0,100,2676.234952
-86.0,100,2678.025704
-100.0,100,2679.763898
-6.0,100,2681.105692
-28.0,100,2682.376163
-54.0,100,2683.718281
-100.0,100,2685.305153
-100.0,100,2687.004927
-14.0,100,2688.605958
-100.0,100,2690.132848
-100.0,100,2691.699782
-27.0,100,2693.301453
-45.0,100,2694.889179
-50.0,100,2696.461416
-65.0,100,2698.075466
-58.0,100,2699.631074
-100.0,100,2701.129454
-3.0,100,2702.578621
-100.0,100,2704.20992
-36.0,100,2705.78862
-24.0,100,2707.450511
-33.0,100,2709.057449
-79.0,100,2710.609552
-100.0,100,2712.2094
-100.0,100,2713.777311
-100.0,100,2715.35857
-100.0,100,2716.810936
-100.0,100,2718.152679
-63.0,100,2719.404223
-100.0,100,2721.050096
-100.0,100,2722.689494
-100.0,100,2724.301653
-100.0,100,2725.839763
-100.0,100,2727.269826
-100.0,100,2728.804609
-79.0,100,2730.403974
-100.0,100,2732.022291
-29.0,100,2733.609086
-100.0,100,2734.917937
-100.0,100,2736.314205
-100.0,100,2737.587535
-100.0,100,2739.420265
-100.0,100,2741.07216
-23.0,100,2742.684134
-55.0,100,2744.119236
-100.0,100,2745.660831
-100.0,100,2747.249832
-100.0,100,2748.740392
-29.0,100,2750.511969
-100.0,100,2752.159935
-100.0,100,2753.663783
-100.0,100,2755.076171
-100.0,100,2756.661118
-1.0,100,2758.263205
-4.0,100,2760.063435
-100.0,100,2761.604416
-43.0,100,2763.168403
-7.0,100,2764.64711
-100.0,100,2766.160656
-99.0,100,2767.776853
-100.0,100,2769.374994
-98.0,100,2771.094791
-48.0,100,2772.673676
-9.0,100,2773.991313
-100.0,100,2775.43458
-12.0,100,2777.039752
-100.0,100,2778.797167
-47.0,100,2780.228153
-1.0,100,2781.521298
-100.0,100,2782.833942
-100.0,100,2784.327672
-1.0,100,2786.116165
-100.0,100,2787.87149
-100.0,100,2789.468613
-25.0,100,2791.05508
-100.0,100,2792.338752
-100.0,100,2793.860477
-96.0,100,2795.734523
-100.0,100,2797.607762
-100.0,100,2799.223422
-14.0,100,2800.815863
-100.0,100,2802.388772
-100.0,100,2804.090477
-13.0,100,2805.74121
-100.0,100,2807.388827
-76.0,100,2809.002427
-3.0,100,2810.638754
-100.0,100,2812.220928
-100.0,100,2813.859677
-52.0,100,2815.50615
-22.0,100,2817.240935
-100.0,100,2818.818568
-48.0,100,2820.39026
-14.0,100,2821.971488
-14.0,100,2823.737378
-36.0,100,2825.34508
-100.0,100,2826.990513
-28.0,100,2828.55671
-100.0,100,2829.944756
-100.0,100,2831.530261
-100.0,100,2833.190612
-88.0,100,2834.822036
-100.0,100,2836.450722
-53.0,100,2837.867441
-100.0,100,2839.442414
-20.0,100,2841.128719
-100.0,100,2842.813489
-100.0,100,2844.462366
-10.0,100,2846.091839
-3.0,100,2847.709395
-100.0,100,2849.326014
-100.0,100,2850.922821
-82.0,100,2852.55421
-78.0,100,2854.203568
-25.0,100,2855.822954
-100.0,100,2857.400472
-100.0,100,2858.979393
-100.0,100,2860.603931
-31.0,100,2862.28869
-100.0,100,2863.953393
-100.0,100,2865.570078
-100.0,100,2867.175942
-100.0,100,2868.796456
-65.0,100,2870.257584
-100.0,100,2871.824322
-100.0,100,2873.508538
-17.0,100,2875.16973
-3.0,100,2876.778095
-18.0,100,2878.377272
-100.0,100,2879.992142
-100.0,100,2881.640588
-100.0,100,2883.312373
-100.0,100,2884.89017
-100.0,100,2886.483258
-5.0,100,2887.916413
-100.0,100,2889.545555
-100.0,100,2891.242657
-100.0,100,2892.870348
-44.0,100,2894.496212
-100.0,100,2895.934444
-100.0,100,2897.318332
-74.0,100,2899.05124
-100.0,100,2900.899789
-41.0,100,2902.564771
-100.0,100,2904.191059
-87.0,100,2905.68199
-100.0,100,2907.393153
-100.0,100,2909.167656
-100.0,100,2910.759519
-1.0,100,2912.298846
-100.0,100,2913.893894
-15.0,100,2915.339749
-60.0,100,2916.834135
-21.0,100,2918.616096
-35.0,100,2920.250556
-20.0,100,2921.796732
-82.0,100,2923.326857
0.0,100,2924.828798
-100.0,100,2926.307684
-100.0,100,2927.964964
-64.0,100,2929.548484
-100.0,100,2931.087923
-100.0,100,2932.542967
-32.0,100,2934.040904
-1.0,100,2935.659553
-100.0,100,2937.245343
-100.0,100,2938.80628
-100.0,100,2940.371421
-100.0,100,2941.800693
-22.0,100,2943.304365
-26.0,100,2944.950949
-88.0,100,2946.540332
-100.0,100,2948.149926
-100.0,100,2949.610572
-4.0,100,2951.06735
-100.0,100,2952.668607
-83.0,100,2954.439504
-56.0,100,2956.027004
-30.0,100,2957.603849
-8.0,100,2959.035918
-98.0,100,2960.28335
-100.0,100,2961.650283
-100.0,100,2963.259619
-32.0,100,2964.868355
-9.0,100,2966.468415
-16.0,100,2968.031108
-58.0,100,2969.626666
-42.0,100,2971.188152
-100.0,100,2972.769737
-31.0,100,2974.359767
-1.0,100,2976.008196
-100.0,100,2977.416526
-27.0,100,2978.915567
-100.0,100,2980.49867
-100.0,100,2982.107734
-52.0,100,2983.701592
-100.0,100,2985.268383
-100.0,100,2986.708195
-100.0,100,2988.171818
-6.0,100,2989.808054
-5.0,100,2991.413427
-74.0,100,2992.993949
-26.0,100,2994.579868
-100.0,100,2996.150727
-100.0,100,2997.564178
-100.0,100,2999.130147
-83.0,100,3000.741898
-21.0,100,3002.207389
-100.0,100,3003.70642
-100.0,100,3004.995071
-100.0,100,3006.279353
-97.0,100,3007.721308
-40.0,100,3009.346626
-100.0,100,3010.932399
-100.0,100,3012.339116
-100.0,100,3013.673018
-100.0,100,3014.97173
-100.0,100,3016.420084
-5.0,100,3018.047888
-100.0,100,3019.687622
-3.0,100,3021.306966
-92.0,100,3022.871896
-100.0,100,3024.439544
-12.0,100,3026.064556
-100.0,100,3027.675267
-100.0,100,3029.252664
-100.0,100,3030.830082
-7.0,100,3032.29075
-100.0,100,3033.800864
-3.0,100,3035.426479
-100.0,100,3037.045501
-11.0,100,3038.704488
-21.0,100,3040.253303
-100.0,100,3041.776817
-100.0,100,3043.241831
-100.0,100,3044.859938
-100.0,100,3046.576992
-27.0,100,3048.221709
-100.0,100,3049.81024
-100.0,100,3051.277379
0.0,100,3052.737822
-30.0,100,3054.348121
-100.0,100,3055.831529
-25.0,100,3057.188385
-100.0,100,3058.439874
0.0,100,3059.956875
-71.0,100,3061.571739
-100.0,100,3063.240559
-99.0,100,3064.807296
-100.0,100,3066.362359
-37.0,100,3067.961161
-3.0,100,3069.284857
-100.0,100,3070.816788
-100.0,100,3072.415101
-100.0,100,3074.024757
-100.0,100,3075.377635
-100.0,100,3076.676396
-100.0,100,3078.083072
-8.0,100,3079.675864
-2.0,100,3081.322369
-100.0,100,3082.901313
-91.0,100,3084.358213
-100.0,100,3085.853903
-100.0,100,3087.421332
-100.0,100,3089.01321
-100.0,100,3090.606715
-35.0,100,3092.210899
-26.0,100,3093.677716
-76.0,100,3095.263691
-62.0,100,3096.847523
-100.0,100,3098.460156
-97.0,100,3100.022744
-100.0,100,3101.593372
-100.0,100,3103.105607
-14.0,100,3104.547528
-100.0,100,3106.093739
-92.0,100,3107.829353
-67.0,100,3109.428954
-100.0,100,3111.030555
-100.0,100,3112.481399
-100.0,100,3113.971344
-100.0,100,3115.527245
-100.0,100,3117.140025
-100.0,100,3118.662106
-100.0,100,3120.092272
-100.0,100,3121.696127
-23.0,100,3123.277087
-20.0,100,3124.694572
-90.0,100,3126.30102
-100.0,100,3127.907703
-100.0,100,3129.522221
-100.0,100,3130.863775
-69.0,100,3132.173753
-100.0,100,3133.488435
-100.0,100,3135.288475
-15.0,100,3136.888561
-100.0,100,3138.443899
-100.0,100,3140.173401
-100.0,100,3141.63379
-74.0,100,3143.274603
-2.0,100,3145.012317
-1.0,100,3146.657444
-100.0,100,3148.291892
-100.0,100,3149.776595
-100.0,100,3151.180966
-4.0,100,3152.815648
-100.0,100,3154.473337
-28.0,100,3156.161492
-100.0,100,3157.650846
-100.0,100,3159.066421
-19.0,100,3160.743322
-100.0,100,3162.344863
-56.0,100,3163.935177
-84.0,100,3165.571292
-31.0,100,3167.157887
-100.0,100,3168.568253
-100.0,100,3170.05188
-100.0,100,3171.633553
-100.0,100,3173.272321
-35.0,100,3174.932608
-100.0,100,3176.386786
-41.0,100,3177.896193
-100.0,100,3179.507966
-3.0,100,3181.172817
-100.0,100,3182.774652
-87.0,100,3184.578275
-100.0,100,3186.161518
-56.0,100,3187.748806
-100.0,100,3189.287247
-100.0,100,3190.94055
-44.0,100,3192.64766
-1.0,100,3194.259814
-100.0,100,3195.825094
0.0,100,3197.444905
-15.0,100,3199.05949
-62.0,100,3200.709084
-8.0,100,3202.36122
-98.0,100,3203.991192
-100.0,100,3205.698641
-100.0,100,3207.318137
-68.0,100,3208.956115
-100.0,100,3210.606946
-10.0,100,3212.289003
-37.0,100,3213.850336
-100.0,100,3215.312619
-1.0,100,3216.998622
-90.0,100,3218.77259
-100.0,100,3220.502325
-96.0,100,3222.142547
-17.0,100,3223.786715
-25.0,100,3225.474958
-100.0,100,3226.963618
-100.0,100,3228.682893
-100.0,100,3230.358903
-100.0,100,3232.119016
-100.0,100,3233.432982
-93.0,100,3234.757674
-100.0,100,3236.03925
-100.0,100,3237.588643
-40.0,100,3239.27084
-33.0,100,3241.111557
-21.0,100,3242.367632
-64.0,100,3243.74222
-3.0,100,3245.083473
-50.0,100,3246.576064
-100.0,100,3248.209481
-100.0,100,3249.843516
-100.0,100,3251.247871
-100.0,100,3252.723179
-20.0,100,3254.271321
-100.0,100,3255.808966
-100.0,100,3257.278999
-100.0,100,3258.833631
-22.0,100,3260.389457
-100.0,100,3261.87882
-100.0,100,3263.340481
-47.0,100,3264.931546
-100.0,100,3266.499963
-100.0,100,3268.073002
-100.0,100,3269.484425
-100.0,100,3271.074715
-100.0,100,3272.673075
-100.0,100,3274.304492
-100.0,100,3275.74766
-100.0,100,3277.293838
-37.0,100,3278.935063
-100.0,100,3280.553807
-7.0,100,3282.074616
-1.0,100,3283.618873
-100.0,100,3285.271306
-100.0,100,3286.781365
-6.0,100,3288.143506
-100.0,100,3289.477368
0.0,100,3290.937553
-28.0,100,3292.586374
-78.0,100,3294.257596
-100.0,100,3296.073432
-100.0,100,3297.592967
-100.0,100,3299.030841
-15.0,100,3300.762223
-100.0,100,3302.372329
-3.0,100,3303.965275
-16.0,100,3305.440141
-100.0,100,3306.790434
-100.0,100,3308.147201
-63.0,100,3309.738778
-16.0,100,3311.477633
-100.0,100,3313.057261
-100.0,100,3314.513873
-1.0,100,3316.041478
-46.0,100,3317.633829
-99.0,100,3319.207299
-100.0,100,3320.809948
-10.0,100,3322.421716
-6.0,100,3323.989206
-89.0,100,3325.385869
-24.0,100,3327.016772
-100.0,100,3328.630771
-4.0,100,3330.255092
-100.0,100,3331.8945
-87.0,100,3333.431251
-100.0,100,3334.973375
-100.0,100,3336.436823
-100.0,100,3338.200304
-100.0,100,3339.807586
-100.0,100,3341.398599
-3.0,100,3342.963739
-3.0,100,3344.376831
-94.0,100,3345.955892
-38.0,100,3347.589438
-99.0,100,3349.265509
-12.0,100,3350.64322
-100.0,100,3351.912943
-12.0,100,3353.19836
-3.0,100,3354.804428
-100.0,100,3356.522615
-78.0,100,3358.152445
-100.0,100,3359.745344
-5.0,100,3361.325022
-70.0,100,3362.71023
-34.0,100,3364.284853
-78.0,100,3365.888158
-100.0,100,3367.54144
-28.0,100,3369.089378
-100.0,100,3370.617547
-100.0,100,3372.175329
-42.0,100,3373.681763
-100.0,100,3375.231606
-100.0,100,3377.036287
-100.0,100,3378.686455
-5.0,100,3380.32337
-61.0,100,3381.942388
-100.0,100,3383.58636
-11.0,100,3385.254864
-100.0,100,3386.936761
-25.0,100,3388.50615
-100.0,100,3390.067192
-100.0,100,3391.637217
-100.0,100,3393.261778
-22.0,100,3395.053839
-99.0,100,3396.722029
-100.0,100,3398.252716
-100.0,100,3399.685217
-100.0,100,3401.222961
-91.0,100,3402.84566
-3.0,100,3404.474144
-100.0,100,3406.048202
-100.0,100,3407.358519
-21.0,100,3408.62695
-30.0,100,3410.112737
-17.0,100,3411.75512
-100.0,100,3413.440011
-100.0,100,3415.019141
-12.0,100,3416.599771
-22.0,100,3418.063538
-100.0,100,3419.572519
-14.0,100,3421.204446
-100.0,100,3422.878623
-100.0,100,3424.485387
-100.0,100,3425.99788
-100.0,100,3427.483165
-45.0,100,3429.129328
-64.0,100,3430.845721
-100.0,100,3432.457429
-5.0,100,3434.011265
-100.0,100,3435.56165
-100.0,100,3437.169746
-8.0,100,3438.600445
-100.0,100,3440.149943
-100.0,100,3441.746813
-100.0,100,3443.363994
-20.0,100,3444.922597
-100.0,100,3446.489491
-100.0,100,3448.062534
-15.0,100,3449.697659
-99.0,100,3451.231311
-100.0,100,3452.766279
-39.0,100,3454.322702
-100.0,100,3455.759338
-100.0,100,3457.335172
-21.0,100,3459.187902
-17.0,100,3460.884339
-79.0,100,3462.517264
-100.0,100,3463.927195
-6.0,100,3465.403135
-69.0,100,3467.026181
-20.0,100,3468.693135
-24.0,100,3470.081794
-100.0,100,3471.357492
-100.0,100,3472.838955
-100.0,100,3474.626399
-100.0,100,3476.283523
-2.0,100,3477.876173
-37.0,100,3479.416878
-100.0,100,3480.888726
-100.0,100,3482.408355
-100.0,100,3483.995948
-100.0,100,3485.591642
-29.0,100,3487.248425
-100.0,100,3488.826521
-40.0,100,3490.396842
-100.0,100,3491.982652
-100.0,100,3493.591597
-100.0,100,3495.044355
-1.0,100,3496.565996
-74.0,100,3498.135082
-58.0,100,3499.718603
-100.0,100,3501.303981
0.0,100,3502.915894
-18.0,100,3504.525193
-36.0,100,3506.121924
-100.0,100,3507.441594
-41.0,100,3508.74654
-100.0,100,3510.163168
-100.0,100,3511.811167
-100.0,100,3513.539446
-43.0,100,3515.12316
0.0,100,3516.680657
-7.0,100,3518.275823
-100.0,100,3519.892471
-6.0,100,3521.314976
-100.0,100,3522.867614
-100.0,100,3524.465295
-17.0,100,3525.793146
-100.0,100,3527.22372
-100.0,100,3528.824887
-37.0,100,3530.454924
-99.0,100,3532.034101
-100.0,100,3533.570743
-100.0,100,3535.120316
-100.0,100,3536.746607
-100.0,100,3538.32601
-100.0,100,3539.928623
-12.0,100,3541.528264
-19.0,100,3543.135999
-100.0,100,3544.684996
-2.0,100,3546.31057
-15.0,100,3547.927758
-100.0,100,3549.570803
-100.0,100,3551.128055
-41.0,100,3552.677507
-100.0,100,3554.209882
-100.0,100,3555.844132
-20.0,100,3557.407015
-100.0,100,3559.026869
-100.0,100,3560.627783
-100.0,100,3562.200044
-100.0,100,3563.635897
-64.0,100,3565.292657
-100.0,100,3566.906742
-47.0,100,3568.52027
-100.0,100,3570.068853
-45.0,100,3571.634431
-100.0,100,3573.191126
-100.0,100,3574.943584
-100.0,100,3576.628905
-40.0,100,3578.221411
-8.0,100,3579.777766
-100.0,100,3581.273295
-100.0,100,3582.869951
-23.0,100,3584.541991
-100.0,100,3586.14985
-88.0,100,3587.739795
-100.0,100,3589.120704
-100.0,100,3590.393087
-22.0,100,3591.995914
-16.0,100,3593.88517
-17.0,100,3595.513989
-100.0,100,3597.225201
-3.0,100,3598.889262
-100.0,100,3600.488379
-100.0,100,3602.08307
-100.0,100,3603.684145
-100.0,100,3605.268907
-2.0,100,3606.889348
-15.0,100,3608.466786
-16.0,100,3610.035703
-100.0,100,3611.643314
-20.0,100,3613.284132
-38.0,100,3614.808064
-20.0,100,3616.240021
-62.0,100,3617.785161
-100.0,100,3619.415337
-19.0,100,3620.922951
-7.0,100,3622.516941
-100.0,100,3624.041612
-14.0,100,3625.406128
-2.0,100,3626.772142
-100.0,100,3628.428382
-100.0,100,3630.158266
-28.0,100,3631.829522
-24.0,100,3633.452465
-13.0,100,3635.016329
-100.0,100,3636.672845
-15.0,100,3638.316883
-100.0,100,3640.038918
-50.0,100,3641.814799
-10.0,100,3643.394686
-100.0,100,3644.97558
-12.0,100,3646.454684
-100.0,100,3647.959387
-62.0,100,3649.539287
-100.0,100,3651.151999
-100.0,100,3652.695884
-38.0,100,3654.247197
-32.0,100,3655.820144
-100.0,100,3657.477013
0.0,100,3659.096062
-82.0,100,3660.641802
-90.0,100,3662.122004
-5.0,100,3663.65083
-27.0,100,3665.334885
-100.0,100,3666.938402
-100.0,100,3668.63383
-100.0,100,3670.25547
-39.0,100,3671.792843
-100.0,100,3673.385098
-100.0,100,3675.000172
-100.0,100,3676.688248
-65.0,100,3678.281112
-100.0,100,3679.770341
-100.0,100,3681.223089
-18.0,100,3682.74669
-100.0,100,3684.265423
-17.0,100,3685.92031
-100.0,100,3687.525655
-100.0,100,3689.373848
-5.0,100,3690.885679
-13.0,100,3692.344615
-18.0,100,3693.98418
-100.0,100,3695.65136
-100.0,100,3697.119153
-100.0,100,3698.587034
-100.0,100,3700.187726
-95.0,100,3701.810855
-78.0,100,3703.420833
-100.0,100,3705.0054
-100.0,100,3706.544048
-100.0,100,3708.136586
-100.0,100,3709.610935
-100.0,100,3711.105371
-100.0,100,3712.733501
-100.0,100,3714.441023
-1.0,100,3715.988046
-26.0,100,3717.570716
-20.0,100,3719.139428
-11.0,100,3720.804803
-100.0,100,3722.442746
-3.0,100,3724.026781
-100.0,100,3725.585298
-100.0,100,3727.202265
-100.0,100,3728.794232
-8.0,100,3730.396296
-2.0,100,3732.051893
-100.0,100,3733.648642
-30.0,100,3735.091224
-100.0,100,3736.365286
-18.0,100,3737.938554
-24.0,100,3739.622985
-100.0,100,3741.350025
-44.0,100,3742.888942
-100.0,100,3744.434485
-33.0,100,3746.065948
-100.0,100,3747.816022
-100.0,100,3749.569112
-100.0,100,3751.302294
-2.0,100,3752.895716
-100.0,100,3754.188586
-100.0,100,3755.68467
-100.0,100,3757.43703
-100.0,100,3759.07941
-100.0,100,3760.662414
-28.0,100,3762.244998
-60.0,100,3763.800104
-100.0,100,3765.408243
-27.0,100,3767.068528
-100.0,100,3768.676608
-100.0,100,3770.239789
-32.0,100,3771.880836
-100.0,100,3773.331058
-30.0,100,3774.990408
-97.0,100,3776.710062
-100.0,100,3778.399168
-100.0,100,3780.032687
-7.0,100,3781.646174
-100.0,100,3783.218277
-35.0,100,3784.909808
-31.0,100,3786.568761
-55.0,100,3788.221026
-100.0,100,3789.886635
-100.0,100,3791.20782
-100.0,100,3792.813336
-100.0,100,3794.488944
-100.0,100,3796.150112
-21.0,100,3797.77183
-100.0,100,3799.145374
-100.0,100,3800.439346
-100.0,100,3801.836287
-100.0,100,3803.504171
-100.0,100,3805.251217
-100.0,100,3806.925262
-100.0,100,3808.581047
0.0,100,3810.187193
-23.0,100,3811.807474
-5.0,100,3813.448796
-100.0,100,3815.227854
-100.0,100,3816.953429
-100.0,100,3818.326936
-100.0,100,3819.738595
-98.0,100,3821.475495
-100.0,100,3823.148456
-1.0,100,3824.808343
-100.0,100,3826.667752
-68.0,100,3828.252794
-80.0,100,3829.915365
-2.0,100,3831.548309
-100.0,100,3833.268494
-100.0,100,3834.928989
-100.0,100,3836.494061
0.0,100,3837.915667
-100.0,100,3839.456967
-100.0,100,3841.085477
-100.0,100,3842.700366
-100.0,100,3844.296807
-100.0,100,3845.854883
-4.0,100,3847.420587
-24.0,100,3849.034705
-20.0,100,3850.629695
-19.0,100,3852.246905
-100.0,100,3853.798522
-40.0,100,3855.119457
-100.0,100,3856.576876
-15.0,100,3858.011713
-100.0,100,3859.649316
-18.0,100,3861.307903
-100.0,100,3862.869307
-38.0,100,3864.421857
-26.0,100,3865.978656
-5.0,100,3867.60891
-100.0,100,3869.20173
-100.0,100,3870.859915
-100.0,100,3872.39472
-35.0,100,3873.984222
-15.0,100,3875.5796
-100.0,100,3877.164978
-4.0,100,3878.774228
-16.0,100,3880.500088
-25.0,100,3882.085568
-24.0,100,3883.637383
-13.0,100,3885.246628
-100.0,100,3886.89598
-12.0,100,3888.535068
-100.0,100,3890.078963
-100.0,100,3891.629408
-100.0,100,3893.212291
-100.0,100,3894.802298
-62.0,100,3896.383203
-100.0,100,3898.01754
-2.0,100,3899.511865
-44.0,100,3901.04886
-45.0,100,3902.638847
-47.0,100,3904.24605
-100.0,100,3905.896914
-46.0,100,3907.530242
-4.0,100,3909.097294
-63.0,100,3910.643496
-2.0,100,3912.246766
-16.0,100,3913.90026
-100.0,100,3915.513888
-100.0,100,3917.118961
-100.0,100,3918.436417
-100.0,100,3919.86361
-91.0,100,3921.214705
-18.0,100,3922.823404
-100.0,100,3924.479387
-4.0,100,3926.113275
-100.0,100,3927.3733
-100.0,100,3928.683111
-100.0,100,3930.082298
-99.0,100,3931.749777
-18.0,100,3933.366781
-4.0,100,3934.939295
-20.0,100,3936.551986
-100.0,100,3938.006262
-100.0,100,3939.498974
-8.0,100,3941.140665
-100.0,100,3942.813125
-4.0,100,3944.456241
-100.0,100,3945.991279
-100.0,100,3947.399535
-43.0,100,3949.07689
-100.0,100,3950.832885
-92.0,100,3952.461142
-27.0,100,3954.028475
-100.0,100,3955.580342
-2.0,100,3957.023112
-30.0,100,3958.651909
-100.0,100,3960.273344
-100.0,100,3961.912721
-100.0,100,3963.344399
-15.0,100,3964.940587
-3.0,100,3966.56155
-22.0,100,3968.209207
-79.0,100,3969.829684
-99.0,100,3971.436074
-100.0,100,3973.00208
-100.0,100,3974.595846
-100.0,100,3976.344599
-98.0,100,3977.99922
-22.0,100,3979.697819
-100.0,100,3981.274383
-5.0,100,3982.678708
-18.0,100,3984.244033
-100.0,100,3985.846303
-100.0,100,3987.536581
-97.0,100,3989.28397
-12.0,100,3990.879161
-100.0,100,3992.446533
-38.0,100,3994.051638
-100.0,100,3995.646134
-17.0,100,3997.257255
-95.0,100,3998.825907
-100.0,100,4000.436337
-100.0,100,4001.988846
-12.0,100,4003.564832
-100.0,100,4005.190723
-93.0,100,4006.856054
-100.0,100,4008.353436
-11.0,100,4009.991627
-100.0,100,4011.681023
-3.0,100,4013.348081
-100.0,100,4014.976155
-100.0,100,4016.583649
-45.0,100,4018.143075
-100.0,100,4019.762802
-100.0,100,4021.182735
-22.0,100,4022.627169
-100.0,100,4024.267956
0.0,100,4025.725858
-21.0,100,4027.281726
-2.0,100,4028.885669
-48.0,100,4030.487493
-2.0,100,4032.17241
-100.0,100,4033.789791
-36.0,100,4035.408415
-100.0,100,4037.010931
-14.0,100,4038.61258
-100.0,100,4040.184705
-100.0,100,4041.769214
-1.0,100,4043.344715
-100.0,100,4044.899474
-100.0,100,4046.469446
-95.0,100,4048.166907
-100.0,100,4049.846723
-100.0,100,4051.631282
-29.0,100,4053.266386
-100.0,100,4054.904409
-100.0,100,4056.527251
-2.0,100,4058.173612
-100.0,100,4059.831824
-100.0,100,4061.462963
-100.0,100,4063.11047
-56.0,100,4064.787429
-11.0,100,4066.426496
-53.0,100,4068.079834
-89.0,100,4069.882372
0.0,100,4071.583305
-95.0,100,4073.208263
-100.0,100,4074.814062
-100.0,100,4076.393499
-57.0,100,4078.006576
-9.0,100,4079.63838
-100.0,100,4081.291712
-95.0,100,4082.907747
-15.0,100,4084.228585
-100.0,100,4085.601002
-2.0,100,4087.373577
-49.0,100,4089.06514
-100.0,100,4090.773729
-2.0,100,4092.208944
-100.0,100,4093.472548
-84.0,100,4094.810391
-16.0,100,4096.403966
-100.0,100,4098.008802
-23.0,100,4099.646736
-68.0,100,4101.073826
-48.0,100,4102.365729
-100.0,100,4104.041383
-4.0,100,4105.712367
-74.0,100,4107.389072
-11.0,100,4109.174484
-100.0,100,4110.77029
-6.0,100,4112.385198
-29.0,100,4113.994366
-18.0,100,4115.701386
-100.0,100,4117.322348
-100.0,100,4118.934364
-100.0,100,4120.500721
-40.0,100,4122.11379
-14.0,100,4123.749027
-100.0,100,4125.40837
-100.0,100,4127.041889
-100.0,100,4128.631109
-50.0,100,4130.038356
-100.0,100,4131.638166
-34.0,100,4133.286756
-4.0,100,4134.93584
-100.0,100,4136.513318
-100.0,100,4138.061691
-41.0,100,4139.615521
-94.0,100,4141.224812
-2.0,100,4142.657235
-27.0,100,4144.255551
-30.0,100,4145.887193
-100.0,100,4147.496961
-25.0,100,4148.982595
-100.0,100,4150.453653
-100.0,100,4152.086741
-97.0,100,4153.765531
-100.0,100,4155.196934
-100.0,100,4156.459754
-100.0,100,4157.764284
-19.0,100,4159.241319
-100.0,100,4160.925757
-100.0,100,4162.522321
-87.0,100,4164.020082
-100.0,100,4165.445034
-8.0,100,4167.047222
-2.0,100,4168.655571
-7.0,100,4170.305663
-99.0,100,4172.018999
-11.0,100,4173.609101
-100.0,100,4175.157483
-12.0,100,4176.721085
-6.0,100,4178.338047
-100.0,100,4179.946848
-100.0,100,4181.535639
-100.0,100,4183.089849
-12.0,100,4184.717539
-50.0,100,4186.298728
-100.0,100,4187.747196
0.0,100,4189.459438
-55.0,100,4191.117918
-100.0,100,4192.500752
-100.0,100,4193.861109
-100.0,100,4195.456078
-100.0,100,4197.089651
-100.0,100,4198.723959
-96.0,100,4200.194011
-100.0,100,4201.615735
-13.0,100,4203.311282
-43.0,100,4204.933353
-8.0,100,4206.801219
-26.0,100,4208.397749
-100.0,100,4209.790611
-3.0,100,4211.251359
-77.0,100,4212.841862
-26.0,100,4214.493239
-100.0,100,4216.160847
-11.0,100,4217.762993
-18.0,100,4219.341257
-56.0,100,4220.898451
-39.0,100,4222.520942
-100.0,100,4224.102503
-100.0,100,4225.726558
-1.0,100,4227.189599
-100.0,100,4228.665372
-100.0,100,4230.196439
-100.0,100,4231.649097
-30.0,100,4233.261751
-100.0,100,4234.898902
-64.0,100,4236.47135
-100.0,100,4238.03252
-100.0,100,4239.735238
-95.0,100,4241.370268
-65.0,100,4242.959707
-83.0,100,4244.623549
-100.0,100,4246.156244
-100.0,100,4247.584217
-100.0,100,4249.152363
-100.0,100,4250.738185
-100.0,100,4252.347085
-28.0,100,4254.049039
-15.0,100,4255.453248
-3.0,100,4256.826229
-100.0,100,4258.376531
-23.0,100,4259.998027
-33.0,100,4261.608462
-56.0,100,4263.195444
-91.0,100,4264.529924
-100.0,100,4265.947721
-100.0,100,4267.44698
-100.0,100,4268.938239
-100.0,100,4270.517113
-26.0,100,4272.129452
-100.0,100,4273.439753
-100.0,100,4274.731175
-100.0,100,4276.08979
-100.0,100,4277.643323
-29.0,100,4279.266081
-58.0,100,4280.856322
-49.0,100,4282.440194
-26.0,100,4284.077592
-100.0,100,4285.565725
-30.0,100,4287.119507
-96.0,100,4288.768818
-100.0,100,4290.568913
-18.0,100,4292.283362
-100.0,100,4293.90665
-100.0,100,4295.584879
-28.0,100,4297.3022
-100.0,100,4299.146203
-100.0,100,4300.837424
-100.0,100,4302.456551
-42.0,100,4304.089816
-50.0,100,4305.784875
-100.0,100,4307.4897
-2.0,100,4309.153092
-100.0,100,4310.778683
-32.0,100,4312.393912
-13.0,100,4314.035033
-100.0,100,4315.691412
-1.0,100,4317.451204
-100.0,100,4318.879046
-100.0,100,4320.136193
-100.0,100,4321.52267
-61.0,100,4323.073961
-29.0,100,4324.748139
-14.0,100,4326.440705
-19.0,100,4328.122892
-100.0,100,4329.801837
-100.0,100,4331.153416
-97.0,100,4332.722487
-18.0,100,4334.417738
-79.0,100,4336.118502
-100.0,100,4337.699307
-100.0,100,4339.321981
-45.0,100,4340.727549
-100.0,100,4342.346302
-100.0,100,4344.096626
-100.0,100,4345.739341
-100.0,100,4347.297287
-2.0,100,4348.891019
-46.0,100,4350.39828
-100.0,100,4351.860181
-100.0,100,4353.499362
-15.0,100,4355.141903
-6.0,100,4356.612572
-14.0,100,4358.093864
-37.0,100,4359.69903
-4.0,100,4361.357892
-2.0,100,4362.958157
-61.0,100,4364.517735
-3.0,100,4366.189809
-100.0,100,4367.961637
-54.0,100,4369.564232
-100.0,100,4371.172356
-12.0,100,4372.81372
-100.0,100,4374.441254
-35.0,100,4376.094665
-22.0,100,4377.659597
-58.0,100,4379.22789
-48.0,100,4380.888314
-100.0,100,4382.469757
-45.0,100,4384.045599
-8.0,100,4385.603949
-7.0,100,4387.218367
-100.0,100,4388.823352
-39.0,100,4390.42988
-100.0,100,4391.996368
-100.0,100,4393.594433
-100.0,100,4395.143362
-20.0,100,4396.745402
-100.0,100,4398.343007
-100.0,100,4399.963013
-100.0,100,4401.500713
-100.0,100,4402.969903
-100.0,100,4404.480623
-34.0,100,4406.119132
-100.0,100,4407.747836
-100.0,100,4409.358118
-100.0,100,4410.918379
-11.0,100,4412.504772
0.0,100,4414.109412
-100.0,100,4415.708915
-100.0,100,4417.307287
-61.0,100,4418.913756
-100.0,100,4420.488999
-100.0,100,4421.891832
-1.0,100,4423.426506
-100.0,100,4425.099784
-11.0,100,4426.878855
-100.0,100,4428.469705
-100.0,100,4430.050351
-16.0,100,4431.654807
-100.0,100,4433.271768
-100.0,100,4434.851371
-100.0,100,4436.447582
-100.0,100,4438.041207
-100.0,100,4439.605217
-24.0,100,4441.169729
-3.0,100,4442.771511
-30.0,100,4444.421547
-39.0,100,4446.024935
-2.0,100,4447.619417
-78.0,100,4448.911053
-100.0,100,4450.440805
-8.0,100,4452.111988
-10.0,100,4453.708705
-100.0,100,4455.277374
-100.0,100,4456.896313
-100.0,100,4458.445184
-100.0,100,4460.045516
-12.0,100,4461.710523
-68.0,100,4463.355776
-50.0,100,4464.932484
-100.0,100,4466.408172
-100.0,100,4467.914904
-58.0,100,4469.593343
-100.0,100,4471.190092
-54.0,100,4472.817467
-100.0,100,4474.378436
-31.0,100,4475.970116
-100.0,100,4477.560904
0.0,100,4479.192193
-16.0,100,4480.818262
-100.0,100,4482.754302
-100.0,100,4484.176558
-5.0,100,4485.434684
-2.0,100,4487.192964
0.0,100,4488.844434
-100.0,100,4490.474365
-1.0,100,4491.876296
-100.0,100,4493.296374
-100.0,100,4494.916354
-100.0,100,4496.677863
-100.0,100,4498.382295
-21.0,100,4500.002268
-15.0,100,4501.619236
-24.0,100,4503.005291
-9.0,100,4504.385976
-23.0,100,4506.05799
-12.0,100,4507.784178
-40.0,100,4509.418441
-100.0,100,4511.029861
-100.0,100,4512.593751
-100.0,100,4514.193483
0.0,100,4515.844362
0.0,100,4517.464119
-22.0,100,4519.032801
-71.0,100,4520.634006
-23.0,100,4522.208953
-50.0,100,4523.805174
-100.0,100,4525.453832
-22.0,100,4527.068214
-69.0,100,4528.588265
-100.0,100,4530.031222
-91.0,100,4531.711769
-2.0,100,4533.482469
-100.0,100,4535.10281
-16.0,100,4536.77963
-100.0,100,4538.419126
-100.0,100,4540.081784
-25.0,100,4541.731915
-22.0,100,4543.339042
-100.0,100,4544.927831
-100.0,100,4546.463442
-14.0,100,4547.840022
-33.0,100,4549.419458
-2.0,100,4551.126108
-32.0,100,4553.020118
-14.0,100,4554.81145
-100.0,100,4556.374529
-100.0,100,4557.832754
-100.0,100,4559.399788
-100.0,100,4560.979024
-100.0,100,4562.583622
-15.0,100,4564.170436
-100.0,100,4565.779038
-49.0,100,4567.333082
-79.0,100,4568.91397
-21.0,100,4570.525753
-76.0,100,4572.16134
-52.0,100,4573.766229
-29.0,100,4575.332746
-100.0,100,4576.923085
-24.0,100,4578.606756
-100.0,100,4580.311007
-15.0,100,4581.982947
-18.0,100,4583.637974
-36.0,100,4585.230562
-14.0,100,4586.757583
-97.0,100,4588.201708
-100.0,100,4589.824548
-38.0,100,4591.509842
-2.0,100,4592.912845
-100.0,100,4594.45824
-100.0,100,4596.098783
-100.0,100,4597.768307
-100.0,100,4599.413532
-100.0,100,4601.160232
-100.0,100,4602.784085
-96.0,100,4604.372497
-33.0,100,4605.892653
-100.0,100,4607.375858
-73.0,100,4609.055042
-18.0,100,4610.928461
-12.0,100,4612.299659
-100.0,100,4613.596523
-100.0,100,4615.082574
-100.0,100,4616.573502
-22.0,100,4618.242241
-100.0,100,4619.966855
-100.0,100,4621.542582
-100.0,100,4623.185537
-100.0,100,4624.792317
-16.0,100,4626.437971
-100.0,100,4628.052285
-25.0,100,4629.675677
0.0,100,4631.253901
-21.0,100,4632.92421
-89.0,100,4634.631859
-10.0,100,4636.354753
-17.0,100,4637.961772
-100.0,100,4639.543764
-100.0,100,4641.144194
-13.0,100,4642.816672
-95.0,100,4644.417094
-97.0,100,4646.069932
-100.0,100,4647.736363
-100.0,100,4649.402659
-33.0,100,4651.051502
-55.0,100,4652.703623
-86.0,100,4654.455402
-100.0,100,4656.174621
-29.0,100,4657.578514
-100.0,100,4658.839321
-17.0,100,4660.153162
-28.0,100,4661.737346
-2.0,100,4663.507507
-100.0,100,4665.255477
-100.0,100,4666.8021
-100.0,100,4668.379613
-100.0,100,4669.796911
-100.0,100,4671.352551
-2.0,100,4672.992132
-45.0,100,4674.716172
-100.0,100,4676.082511
-100.0,100,4677.353721
-100.0,100,4678.663322
-30.0,100,4680.424387
-13.0,100,4682.083675
-12.0,100,4683.738508
-100.0,100,4685.29625
-45.0,100,4686.878928
-10.0,100,4688.480034
-100.0,100,4690.101091
-100.0,100,4691.740033
-85.0,100,4693.375258
-100.0,100,4694.778783
-33.0,100,4696.304297
-55.0,100,4697.912325
-100.0,100,4699.719146
-30.0,100,4701.332783
-3.0,100,4702.937191
-100.0,100,4704.48395
-100.0,100,4706.060379
-13.0,100,4707.694003
-90.0,100,4709.56758
-100.0,100,4711.204562
-100.0,100,4712.607404
-100.0,100,4713.999913
-59.0,100,4715.612498
-2.0,100,4717.269424
-81.0,100,4718.896323
-100.0,100,4720.540075
-100.0,100,4722.104435
-100.0,100,4723.650065
-2.0,100,4725.279805
-100.0,100,4726.881435
-17.0,100,4728.534951
-100.0,100,4730.101209
-100.0,100,4731.71025
-97.0,100,4733.161215
-100.0,100,4734.635037
-100.0,100,4736.250857
-48.0,100,4737.921717
-100.0,100,4739.523116
-100.0,100,4741.07073
-100.0,100,4742.635022
-14.0,100,4744.279496
-39.0,100,4745.89575
-15.0,100,4747.51481
-95.0,100,4749.147111
-70.0,100,4750.762018
-100.0,100,4752.345744
-100.0,100,4753.971555
-68.0,100,4755.596783
-15.0,100,4757.253831
-100.0,100,4758.828186
-93.0,100,4760.39768
-14.0,100,4762.001169
-100.0,100,4763.617427
-4.0,100,4765.215794
-100.0,100,4766.785858
-72.0,100,4768.242598
-16.0,100,4769.566688
-100.0,100,4771.185113
-100.0,100,4772.803339
-1.0,100,4774.431384
-27.0,100,4776.032028
-4.0,100,4777.398127
-100.0,100,4778.964981
-10.0,100,4780.612509
0.0,100,4782.225727
-100.0,100,4783.797959
-100.0,100,4785.196502
-9.0,100,4786.554988
-10.0,100,4788.234211
-21.0,100,4789.893858
0.0,100,4791.690122
-100.0,100,4793.381771
-100.0,100,4794.795114
-100.0,100,4796.249789
-100.0,100,4797.84012
-8.0,100,4799.427166
-4.0,100,4801.058099
-100.0,100,4802.630929
-100.0,100,4804.17877
-1.0,100,4805.757058
-6.0,100,4807.423596
-44.0,100,4809.070839
-37.0,100,4810.678648
-100.0,100,4812.221801
-100.0,100,4813.812463
-52.0,100,4815.394178
-23.0,100,4816.969177
-42.0,100,4818.565641
-65.0,100,4820.198364
-100.0,100,4821.820945
0.0,100,4823.359782
-100.0,100,4824.838599
-100.0,100,4826.509229
-100.0,100,4828.18676
-5.0,100,4829.587186
-100.0,100,4830.920109
-4.0,100,4832.289493
-13.0,100,4833.881628
-68.0,100,4835.568827
-33.0,100,4837.178042
-12.0,100,4838.720253
-100.0,100,4840.200062
-100.0,100,4841.779491
-12.0,100,4843.367497
-100.0,100,4844.707117
-3.0,100,4846.302181
-87.0,100,4847.605914
-47.0,100,4848.980634
-34.0,100,4850.390681
-100.0,100,4852.229406
-100.0,100,4854.029698
-14.0,100,4855.701538
-45.0,100,4857.310322
-100.0,100,4858.835374
-30.0,100,4860.365317
-1.0,100,4861.962533
-98.0,100,4863.627318
-100.0,100,4865.320474
-9.0,100,4867.006979
-28.0,100,4868.676636
-12.0,100,4870.347702
-100.0,100,4871.981688
-79.0,100,4873.401296
-100.0,100,4874.811613
-33.0,100,4876.206578
-18.0,100,4877.829993
-1.0,100,4879.761894
-100.0,100,4881.316935
-100.0,100,4882.760261
-100.0,100,4884.3324
-100.0,100,4885.961384
-19.0,100,4887.629379
-14.0,100,4889.353364
-2.0,100,4890.921846
-3.0,100,4892.530988
-96.0,100,4894.02379
-20.0,100,4895.516212
-69.0,100,4897.193487
-100.0,100,4898.839668
-100.0,100,4900.419008
-100.0,100,4901.943385
-28.0,100,4903.342405
-100.0,100,4904.950707
-91.0,100,4906.5786
-55.0,100,4908.210126
-100.0,100,4909.637727
-7.0,100,4910.956847
-62.0,100,4912.554316
-32.0,100,4914.189976
-2.0,100,4915.786799
-44.0,100,4917.303942
-16.0,100,4918.725884
-100.0,100,4920.340157
-16.0,100,4921.957535
-92.0,100,4923.525956
-100.0,100,4925.085602
-5.0,100,4926.672404
-71.0,100,4928.238074
-46.0,100,4929.658371
-12.0,100,4931.279521
-2.0,100,4933.068971
-100.0,100,4934.702201
-73.0,100,4936.295197
-100.0,100,4937.84628
-14.0,100,4939.485573
-100.0,100,4941.108816
-100.0,100,4942.73267
-100.0,100,4944.333802
-9.0,100,4945.966346
-82.0,100,4947.371651
-6.0,100,4948.935564
-1.0,100,4950.632133
-54.0,100,4952.301113
0.0,100,4953.750092
-3.0,100,4955.150867
-100.0,100,4956.482953
-21.0,100,4958.011623
-99.0,100,4959.803153
-68.0,100,4961.660227
-33.0,100,4963.348651
-100.0,100,4964.764147
-100.0,100,4966.108753
-52.0,100,4967.570155
-23.0,100,4969.226887
-5.0,100,4970.942642
-3.0,100,4972.657702
-100.0,100,4974.303483
-100.0,100,4975.954019
-100.0,100,4977.614292
-36.0,100,4979.242312
-45.0,100,4980.897721
-8.0,100,4982.536065
-6.0,100,4984.119513
-32.0,100,4985.65621
-100.0,100,4987.439821
-98.0,100,4989.042827
-100.0,100,4990.649973
-100.0,100,4992.117923
-100.0,100,4993.621759
-100.0,100,4995.207786
-14.0,100,4996.865248
-25.0,100,4998.486001
-100.0,100,5000.058763
0.0,100,5001.448661
-34.0,100,5002.805563
-18.0,100,5004.491732
-19.0,100,5006.169186
-15.0,100,5007.836081
-50.0,100,5009.464773
-70.0,100,5011.080403
-11.0,100,5012.531175
-24.0,100,5014.150757
-13.0,100,5015.812682
-40.0,100,5017.480317
-100.0,100,5019.069328
-100.0,100,5020.609648
-2.0,100,5022.278796
-100.0,100,5024.027427
-3.0,100,5025.862017
-32.0,100,5027.488898
-93.0,100,5029.095043
-52.0,100,5030.534542
-100.0,100,5032.285412
-10.0,100,5033.931672
-100.0,100,5035.56055
-5.0,100,5037.159658
-34.0,100,5038.744675
-31.0,100,5040.334334
-100.0,100,5042.151752
-23.0,100,5043.789833
-100.0,100,5045.396592
-100.0,100,5046.959155
-100.0,100,5048.558956
-100.0,100,5050.235239
-53.0,100,5052.095906
-100.0,100,5053.744051
-100.0,100,5055.401196
-100.0,100,5056.803294
-4.0,100,5058.119469
-99.0,100,5059.829218
-100.0,100,5061.540078
-88.0,100,5063.150074
-70.0,100,5064.753562
-31.0,100,5066.316248
-10.0,100,5067.989789
-100.0,100,5069.673393
-100.0,100,5071.322798
-100.0,100,5072.921339
-38.0,100,5074.498547
-22.0,100,5075.898294
-100.0,100,5077.386673
-84.0,100,5079.051676
-100.0,100,5080.710477
-35.0,100,5082.311912
-100.0,100,5083.896378
-100.0,100,5085.520379
-25.0,100,5087.191553
-79.0,100,5088.870931
-17.0,100,5090.506279
-100.0,100,5092.094363
-3.0,100,5093.704868
-50.0,100,5095.397382
-2.0,100,5097.005244
-38.0,100,5098.650112
-100.0,100,5100.303084
-100.0,100,5101.882584
-56.0,100,5103.44421
-100.0,100,5105.056617
-12.0,100,5106.734441
-100.0,100,5108.344211
-2.0,100,5109.926726
-100.0,100,5111.483044
-50.0,100,5113.142762
-28.0,100,5114.95492
-80.0,100,5116.581872
-15.0,100,5118.175951
-100.0,100,5119.702529
-42.0,100,5121.047332
-97.0,100,5122.711059
-19.0,100,5124.370149
-93.0,100,5126.043828
-16.0,100,5127.461351
-18.0,100,5128.800455
-1.0,100,5130.130457
-16.0,100,5131.671101
-100.0,100,5133.387715
-25.0,100,5135.063808
-2.0,100,5136.690837
-33.0,100,5138.314706
-12.0,100,5139.799225
-100.0,100,5141.286017
-100.0,100,5142.919252
-94.0,100,5144.585044
-67.0,100,5146.151231
-100.0,100,5147.724941
-37.0,100,5149.304244
-4.0,100,5150.98366
-100.0,100,5152.591456
-100.0,100,5154.179033
-44.0,100,5155.731411
-100.0,100,5157.328912
-100.0,100,5158.824695
-2.0,100,5160.352959
-33.0,100,5162.019903
-100.0,100,5163.684186
-3.0,100,5165.255447
-100.0,100,5166.830175
-100.0,100,5168.496226
-100.0,100,5170.143427
-100.0,100,5171.784964
-41.0,100,5173.367914
-36.0,100,5174.931164
-71.0,100,5176.578675
-100.0,100,5178.218595
-10.0,100,5179.840289
-14.0,100,5181.414387
-8.0,100,5182.828209
-100.0,100,5184.19556
-100.0,100,5185.882579
-100.0,100,5187.540743
-12.0,100,5189.294416
-16.0,100,5190.731639
-17.0,100,5192.011399
-35.0,100,5193.345702
-70.0,100,5195.084876
-100.0,100,5196.740949
-100.0,100,5198.365874
-100.0,100,5200.24189
-100.0,100,5201.936674
-1.0,100,5203.571693
-100.0,100,5205.233481
-11.0,100,5206.898587
-35.0,100,5208.61227
-100.0,100,5210.204918
-40.0,100,5211.843611
-100.0,100,5213.552528
-100.0,100,5215.252243
-19.0,100,5217.066123
-7.0,100,5218.782476
-100.0,100,5220.416955
-100.0,100,5222.077627
-12.0,100,5223.718855
-100.0,100,5225.618326
-27.0,100,5227.334313
-57.0,100,5229.029413
-100.0,100,5230.418582
-86.0,100,5231.865875
-7.0,100,5233.538881
-100.0,100,5235.225246
-12.0,100,5236.829134
-17.0,100,5238.454822
-100.0,100,5240.080613
0.0,100,5241.762635
-100.0,100,5243.417664
-5.0,100,5245.084458
-19.0,100,5246.75952
-96.0,100,5248.374994
-100.0,100,5249.734653
-100.0,100,5251.282305
-98.0,100,5252.949383
-100.0,100,5254.655119
-100.0,100,5256.204314
-26.0,100,5257.791645
-100.0,100,5259.375125
-100.0,100,5261.198555
-20.0,100,5262.841935
-64.0,100,5264.48554
-100.0,100,5266.06353
-100.0,100,5267.685989
-18.0,100,5269.32977
-100.0,100,5270.977938
-100.0,100,5272.589714
-100.0,100,5274.216066
-100.0,100,5275.638176
-100.0,100,5277.164228
-58.0,100,5278.887367
